last_name, first_name,player_id,year,pa,bip,ba,est_ba,est_ba_minus_ba_diff,slg,est_slg,est_slg_minus_slg_diff,woba,est_woba,est_woba_minus_woba_diff
Bauer, Trevor,545333,2019,828,505,.236,.229,.007,.435,.395,.040,.326,.316,.010
Lynn, Lance,458681,2019,769,500,.249,.236,.013,.390,.368,.022,.301,.291,.010
Bieber, Shane,669456,2019,750,473,.218,.236,-.018,.378,.400,-.022,.275,.295,-.020
Nola, Aaron,605400,2019,746,469,.228,.226,.002,.385,.370,.015,.300,.299,.001
Minor, Mike,501985,2019,744,499,.236,.226,.010,.369,.364,.005,.291,.291,.000
Berrios, Jose,621244,2019,738,516,.254,.241,.013,.410,.406,.004,.309,.304,.005
Bumgarner, Madison,518516,2019,736,511,.244,.250,-.006,.421,.427,-.006,.300,.311,-.011
Gonzales, Marco,594835,2019,733,555,.273,.259,.014,.426,.410,.016,.318,.316,.002
Leake, Mike,502190,2019,733,589,.290,.292,-.002,.506,.499,.007,.347,.350,-.003
Rodriguez, Eduardo,593958,2019,732,492,.256,.238,.018,.398,.389,.009,.316,.309,.007
Verlander, Justin,434378,2019,732,433,.166,.182,-.016,.358,.345,.013,.242,.248,-.006
Junis, Jakob,596001,2019,729,510,.271,.266,.005,.458,.460,-.002,.337,.342,-.005
Strasburg, Stephen,544931,2019,722,455,.216,.207,.009,.353,.324,.029,.268,.259,.009
Marquez, German,608566,2019,721,506,.259,.267,-.008,.441,.439,.002,.315,.323,-.008
Greinke, Zack,425844,2019,719,524,.233,.237,-.004,.378,.384,-.006,.275,.284,-.009
Nova, Ivan,467100,2019,717,568,.300,.293,.007,.485,.465,.020,.354,.350,.004
Wheeler, Zack,554430,2019,713,501,.263,.253,.010,.399,.402,-.003,.303,.309,-.006
Keller, Brad,641745,2019,709,508,.247,.260,-.013,.381,.406,-.025,.310,.330,-.020
Corbin, Patrick,571578,2019,709,451,.222,.225,-.003,.359,.393,-.034,.277,.297,-.020
deGrom, Jacob,594798,2019,707,439,.218,.213,.005,.346,.331,.015,.267,.264,.003
Syndergaard, Noah,592789,2019,700,481,.246,.223,.023,.392,.341,.051,.294,.272,.022
Alcantara, Sandy,645261,2019,694,488,.239,.241,-.002,.399,.407,-.008,.316,.324,-.008
Boyd, Matthew,571510,2019,693,423,.238,.217,.021,.460,.395,.065,.317,.292,.025
Morton, Charlie,450203,2019,693,425,.217,.219,-.002,.342,.333,.009,.274,.275,-.001
Fiers, Mike,571666,2019,689,515,.238,.256,-.018,.388,.431,-.043,.299,.327,-.028
Cole, Gerrit,543037,2019,688,377,.195,.188,.007,.359,.321,.038,.261,.248,.013
Porcello, Rick,519144,2019,683,512,.281,.258,.023,.494,.475,.019,.348,.335,.013
Tanaka, Masahiro,547888,2019,679,505,.256,.254,.002,.446,.411,.035,.316,.310,.006
Lopez, Reynaldo,625643,2019,679,476,.279,.259,.020,.483,.457,.026,.353,.341,.012
Castillo, Luis,622491,2019,678,408,.207,.203,.004,.352,.324,.028,.283,.276,.007
Teheran, Julio,527054,2019,676,443,.226,.233,-.007,.364,.378,-.014,.303,.315,-.012
Kelly, Merrill,518876,2019,676,493,.265,.273,-.008,.459,.480,-.021,.328,.345,-.017
Lester, Jon,452657,2019,665,468,.285,.283,.002,.455,.458,-.003,.339,.347,-.008
Mikolas, Miles,571945,2019,664,506,.272,.280,-.008,.444,.439,.005,.319,.329,-.010
Anderson, Brett,474463,2019,659,533,.262,.283,-.021,.406,.464,-.058,.311,.347,-.036
Giolito, Lucas,608337,2019,656,387,.207,.211,-.004,.367,.351,.016,.279,.280,-.001
Musgrove, Joe,605397,2019,654,474,.258,.252,.006,.452,.424,.028,.320,.313,.007
Stroman, Marcus,573186,2019,654,474,.259,.246,.013,.393,.370,.023,.306,.295,.011
Miley, Wade,489119,2019,651,458,.232,.230,.002,.377,.354,.023,.294,.289,.005
Ryu, Hyun-Jin,547943,2019,648,478,.241,.254,-.013,.370,.368,.002,.275,.286,-.011
Gibson, Kyle,502043,2019,646,448,.267,.261,.006,.424,.414,.010,.323,.321,.002
Ray, Robbie,592662,2019,646,373,.233,.228,.005,.432,.413,.019,.320,.319,.001
Quintana, Jose,500779,2019,645,465,.263,.260,.003,.416,.408,.008,.308,.313,-.005
Flaherty, Jack,656427,2019,645,405,.203,.219,-.016,.362,.368,-.006,.273,.286,-.013
Hudson, Dakota,641712,2019,645,454,.259,.272,-.013,.420,.422,-.002,.329,.342,-.013
Buehler, Walker,621111,2019,644,419,.227,.227,.000,.376,.361,.015,.276,.276,.000
Samardzija, Jeff,502188,2019,643,466,.224,.245,-.021,.408,.443,-.035,.293,.321,-.028
Gray, Jon,592351,2019,637,427,.259,.266,-.007,.437,.413,.024,.326,.325,.001
Kikuchi, Yusei,579328,2019,636,480,.286,.271,.015,.529,.452,.077,.365,.338,.027
Roark, Tanner,543699,2019,636,436,.264,.266,-.002,.424,.428,-.004,.326,.331,-.005
Darvish, Yu,506433,2019,633,387,.216,.226,-.010,.426,.403,.023,.308,.307,.001
Perez, Martin,527048,2019,629,447,.273,.238,.035,.427,.364,.063,.332,.299,.033
Hendricks, Kyle,543294,2019,629,458,.241,.239,.002,.402,.386,.016,.294,.293,.001
Wainwright, Adam,425794,2019,619,423,.267,.257,.010,.436,.411,.025,.331,.324,.007
Gray, Sonny,543243,2019,614,376,.201,.212,-.011,.325,.348,-.023,.269,.286,-.017
Sanchez, Anibal,434671,2019,613,437,.243,.254,-.011,.411,.391,.020,.307,.309,-.002
Soroka, Mike,647336,2019,613,451,.235,.258,-.023,.322,.373,-.051,.268,.301,-.033
Sale, Chris,519242,2019,612,344,.221,.213,.008,.412,.367,.045,.298,.283,.015
Fried, Max,608331,2019,611,413,.275,.251,.024,.420,.365,.055,.322,.296,.026
Kershaw, Clayton,477132,2019,609,407,.219,.237,-.018,.389,.390,-.001,.280,.294,-.014
Sanchez, Aaron,592717,2019,605,410,.278,.264,.014,.457,.427,.030,.356,.345,.011
Bailey, Homer,456701,2019,604,424,.262,.268,-.006,.419,.420,-.001,.320,.329,-.009
DeSclafani, Anthony,543101,2019,600,407,.248,.240,.008,.444,.407,.037,.317,.306,.011
Bundy, Dylan,605164,2019,598,406,.259,.241,.018,.472,.399,.073,.337,.311,.026
Lucchesi, Joey,664192,2019,598,414,.228,.235,-.007,.392,.392,.000,.294,.304,-.010
Scherzer, Max,453286,2019,596,353,.220,.203,.017,.356,.324,.032,.267,.250,.017
Happ, J.A.,457918,2019,594,426,.264,.254,.010,.484,.441,.043,.342,.327,.015
Arrieta, Jake,453562,2019,594,426,.283,.266,.017,.448,.438,.010,.342,.336,.006
Odorizzi, Jake,543606,2019,592,387,.237,.231,.006,.382,.390,-.008,.298,.302,-.004
Eflin, Zach,621107,2019,584,435,.270,.254,.016,.456,.418,.038,.329,.314,.015
Davies, Zach,605200,2019,581,446,.270,.285,-.015,.438,.458,-.020,.328,.345,-.017
Maeda, Kenta,628317,2019,581,376,.208,.217,-.009,.381,.340,.041,.283,.276,.007
Cashner, Andrew,488768,2019,580,430,.250,.267,-.017,.412,.461,-.049,.316,.346,-.030
Thornton, Trent,663423,2019,577,400,.276,.266,.010,.474,.435,.039,.347,.334,.013
Pineda, Michael,501381,2019,576,415,.256,.256,.000,.435,.430,.005,.307,.313,-.006
Matz, Steven,571927,2019,572,401,.260,.255,.005,.453,.445,.008,.324,.323,.001
Norris, Daniel,596057,2019,567,412,.283,.267,.016,.492,.473,.019,.350,.342,.008
Lauer, Eric,641778,2019,566,408,.276,.250,.026,.444,.413,.031,.330,.311,.019
Paxton, James,572020,2019,558,339,.249,.228,.021,.440,.368,.072,.324,.296,.028
Turnbull, Spencer,605513,2019,554,373,.264,.256,.008,.419,.417,.002,.333,.334,-.001
Richards, Trevor,670950,2019,553,371,.249,.236,.013,.431,.398,.033,.323,.314,.009
German, Domingo,593334,2019,550,372,.233,.244,-.011,.454,.434,.020,.312,.314,-.002
Bassitt, Chris,605135,2019,550,377,.227,.235,-.008,.398,.383,.015,.303,.305,-.002
Williams, Trevor,592866,2019,546,411,.282,.271,.011,.502,.460,.042,.348,.337,.011
Vargas, Jason,450306,2019,545,391,.245,.238,.007,.414,.409,.005,.316,.314,.002
Hamels, Cole,430935,2019,542,369,.256,.253,.003,.399,.408,-.009,.311,.322,-.011
Paddack, Chris,663978,2019,529,357,.211,.219,-.008,.390,.376,.014,.279,.282,-.003
Sampson, Adrian,592716,2019,527,390,.304,.292,.012,.571,.521,.050,.390,.373,.017
Archer, Chris,502042,2019,526,324,.249,.259,-.010,.461,.457,.004,.338,.346,-.008
Smith, Caleb,592761,2019,525,325,.210,.218,-.008,.445,.441,.004,.309,.316,-.007
Means, John,607644,2019,516,379,.235,.237,-.002,.410,.404,.006,.299,.304,-.005
Lyles, Jordan,543475,2019,514,342,.249,.236,.013,.468,.418,.050,.332,.313,.019
Jurado, Ariel,642558,2019,511,395,.296,.289,.007,.511,.500,.011,.358,.362,-.004
Chirinos, Yonny,630023,2019,504,363,.225,.256,-.031,.398,.431,-.033,.286,.318,-.032
Sparkman, Glenn,642098,2019,504,398,.293,.289,.004,.511,.488,.023,.363,.359,.004
LeBlanc, Wade,453281,2019,504,391,.287,.274,.013,.532,.478,.054,.359,.340,.019
Anderson, Chase,502624,2019,498,343,.247,.248,-.001,.463,.413,.050,.332,.321,.011
Wacha, Michael,608379,2019,497,349,.286,.267,.019,.509,.469,.040,.365,.350,.015
Senzatela, Antonio,622608,2019,483,374,.316,.298,.018,.505,.462,.043,.378,.361,.017
Woodruff, Brandon,605540,2019,480,310,.247,.239,.008,.367,.365,.002,.290,.290,.000
Yarbrough, Ryan,642232,2019,471,348,.213,.250,-.037,.353,.366,-.013,.255,.282,-.027
Duffy, Danny,518633,2019,461,325,.270,.262,.008,.470,.449,.021,.344,.339,.005
Mahle, Tyler,641816,2019,460,318,.261,.246,.015,.434,.410,.024,.319,.308,.011
Price, David,456034,2019,458,295,.258,.240,.018,.441,.409,.032,.323,.307,.016
Freeland, Kyle,607536,2019,452,335,.295,.290,.005,.560,.489,.071,.379,.361,.018
Strahm, Matt,621381,2019,451,315,.269,.263,.006,.482,.477,.005,.335,.334,.001
Beede, Tyler,595881,2019,442,306,.286,.265,.021,.494,.471,.023,.362,.352,.010
Beeks, Jalen,656222,2019,441,313,.282,.272,.010,.444,.440,.004,.342,.341,.001
Lopez, Jorge,605347,2019,439,299,.283,.275,.008,.509,.502,.007,.364,.368,-.004
Sabathia, CC,282332,2019,435,299,.265,.238,.027,.528,.409,.119,.361,.312,.049
Smyly, Drew,592767,2019,432,283,.286,.267,.019,.592,.521,.071,.400,.374,.026
Velasquez, Vince,592826,2019,430,278,.254,.242,.012,.490,.446,.044,.344,.329,.015
Cahill, Trevor,502239,2019,417,305,.273,.268,.005,.543,.464,.079,.370,.347,.023
Pomeranz, Drew,519141,2019,414,250,.269,.239,.030,.481,.408,.073,.356,.323,.033
Brault, Steven,643230,2019,414,286,.253,.259,-.006,.397,.419,-.022,.320,.334,-.014
Zimmermann, Jordan,519455,2019,413,317,.296,.301,-.005,.491,.497,-.006,.350,.362,-.012
Snell, Blake,605483,2019,413,241,.242,.204,.038,.396,.321,.075,.304,.263,.041
Brooks, Aaron,605156,2019,412,302,.278,.268,.010,.519,.477,.042,.363,.349,.014
Gausman, Kevin,592332,2019,409,273,.284,.258,.026,.460,.438,.022,.339,.327,.012
Godley, Zack,643327,2019,407,289,.271,.274,-.003,.469,.462,.007,.351,.359,-.008
Ynoa, Gabriel,593679,2019,407,324,.270,.276,-.006,.510,.496,.014,.345,.349,-.004
Pena, Felix,570240,2019,407,266,.219,.251,-.032,.402,.425,-.023,.301,.327,-.026
Chacin, Jhoulys,468504,2019,403,279,.282,.276,.006,.499,.450,.049,.363,.351,.012
Foltynewicz, Mike,592314,2019,401,284,.267,.267,.000,.504,.458,.046,.352,.342,.010
Pivetta, Nick,601713,2019,400,278,.283,.268,.015,.518,.458,.060,.364,.349,.015
Anderson, Shaun,641312,2019,391,297,.296,.299,-.003,.473,.470,.003,.355,.359,-.004
Canning, Griffin,656288,2019,384,250,.235,.217,.018,.431,.382,.049,.316,.297,.019
Quantrill, Cal,615698,2019,383,282,.249,.259,-.010,.405,.414,-.009,.301,.314,-.013
Milone, Tommy,543548,2019,383,284,.253,.255,-.002,.513,.468,.045,.330,.324,.006
Houser, Adrian,605288,2019,382,253,.252,.226,.026,.405,.350,.055,.313,.288,.025
Rodriguez, Dereck,605446,2019,381,291,.264,.277,-.013,.468,.450,.018,.339,.343,-.004
Plesac, Zach,668676,2019,377,271,.233,.269,-.036,.445,.457,-.012,.321,.346,-.025
Montas, Frankie,593423,2019,371,249,.233,.232,.001,.366,.350,.016,.280,.277,.003
Peacock, Brad,502748,2019,370,242,.228,.217,.011,.423,.382,.041,.308,.295,.013
Clevinger, Mike,605182,2019,366,202,.201,.200,.001,.321,.320,.001,.261,.263,-.002
Plutko, Adam,592644,2019,361,282,.257,.260,-.003,.494,.437,.057,.333,.318,.015
Keuchel, Dallas,572971,2019,361,257,.263,.261,.002,.430,.410,.020,.330,.327,.003
Lambert, Peter,663567,2019,359,276,.322,.300,.022,.581,.479,.102,.401,.362,.039
Gaviglio, Sam,543208,2019,353,253,.234,.234,.000,.435,.414,.021,.302,.299,.003
Lopez, Pablo,641154,2019,352,248,.245,.237,.008,.421,.399,.022,.308,.302,.006
Holland, Derek,502706,2019,346,225,.258,.235,.023,.505,.477,.028,.360,.348,.012
Peralta, Freddy,642547,2019,346,213,.266,.233,.033,.482,.419,.063,.351,.319,.032
Hess, David,605276,2019,343,249,.288,.292,-.004,.625,.584,.041,.401,.396,.005
Chavez, Jesse,445926,2019,337,238,.267,.271,-.004,.463,.459,.004,.335,.341,-.006
Skaggs, Tyler,572140,2019,335,227,.242,.260,-.018,.381,.412,-.031,.300,.322,-.022
Stripling, Ross,548389,2019,333,232,.240,.228,.012,.419,.366,.053,.299,.281,.018
Urena, Jose,570632,2019,332,255,.290,.283,.007,.472,.453,.019,.345,.339,.006
Stratton, Chris,608717,2019,323,228,.305,.264,.041,.521,.422,.099,.376,.328,.048
Heaney, Andrew,571760,2019,317,196,.230,.223,.007,.415,.388,.027,.306,.299,.007
McHugh, Collin,543521,2019,317,201,.221,.232,-.011,.432,.387,.045,.312,.307,.005
Montgomery, Mike,543557,2019,317,229,.309,.310,-.001,.526,.494,.032,.379,.376,.003
Fedde, Erick,607200,2019,313,240,.276,.300,-.024,.458,.486,-.028,.346,.372,-.026
Clarke, Taylor,664199,2019,311,228,.271,.271,.000,.549,.505,.044,.368,.360,.008
Lorenzen, Michael,547179,2019,310,207,.227,.221,.006,.372,.335,.037,.289,.277,.012
Guerra, Junior,448855,2019,306,200,.184,.215,-.031,.346,.356,-.010,.272,.293,-.021
Stammen, Craig,489334,2019,306,227,.265,.243,.022,.456,.376,.080,.317,.284,.033
Cessa, Luis,570666,2019,305,208,.240,.219,.021,.425,.340,.085,.311,.281,.030
Ramirez, Nick,598286,2019,304,212,.256,.244,.012,.448,.418,.030,.327,.318,.009
Font, Wilmer,521655,2019,303,195,.249,.224,.025,.480,.388,.092,.337,.299,.038
Hernandez, Elieser,622694,2019,296,197,.238,.214,.024,.498,.389,.109,.343,.300,.043
Chatwood, Tyler,543022,2019,293,187,.248,.269,-.021,.380,.371,.009,.325,.336,-.011
Suarez, Jose,660761,2019,291,202,.307,.266,.041,.560,.440,.120,.395,.342,.053
Pannone, Thomas,623381,2019,291,197,.249,.249,.000,.455,.459,-.004,.335,.346,-.011
Barria, Jaime,642545,2019,291,204,.274,.258,.016,.553,.482,.071,.368,.343,.025
Urias, Julio,628711,2019,289,192,.203,.210,-.007,.337,.327,.010,.268,.272,-.004
Hendriks, Liam,521230,2019,288,162,.206,.183,.023,.313,.294,.019,.244,.229,.015
Castro, Miguel,612434,2019,288,192,.237,.217,.020,.392,.348,.044,.310,.293,.017
Bettis, Chad,518452,2019,287,219,.301,.270,.031,.498,.408,.090,.365,.324,.041
Bradley, Archie,605151,2019,287,170,.253,.243,.010,.392,.374,.018,.324,.319,.005
Shaw, Bryan,543766,2019,287,205,.254,.268,-.014,.469,.435,.034,.338,.338,.000
Carrasco, Carlos,471911,2019,287,194,.295,.260,.035,.557,.484,.073,.365,.329,.036
Gonzalez, Gio,461829,2019,286,194,.239,.268,-.029,.426,.444,-.018,.324,.348,-.024
Gallen, Zac,668678,2019,285,167,.210,.209,.001,.327,.332,-.005,.283,.288,-.005
Tomlin, Josh,458708,2019,284,231,.262,.263,-.001,.454,.449,.005,.307,.311,-.004
Walden, Marcus,519393,2019,283,186,.198,.233,-.035,.333,.348,-.015,.269,.295,-.026
Jackson, Luke,592426,2019,282,166,.263,.204,.059,.400,.332,.068,.313,.266,.047
Valdez, Framber,664285,2019,282,186,.266,.253,.013,.440,.375,.065,.347,.326,.021
Yamamoto, Jordan,657141,2019,282,178,.192,.230,-.038,.367,.378,-.011,.287,.313,-.026
Wojciechowski, Asher,592879,2019,280,184,.225,.228,-.003,.498,.472,.026,.340,.337,.003
Stanek, Ryne,592773,2019,279,178,.224,.230,-.006,.402,.416,-.014,.303,.321,-.018
Jackson, Edwin,429719,2019,279,209,.349,.310,.039,.671,.569,.102,.448,.404,.044
Gsellman, Robert,607229,2019,278,188,.261,.235,.026,.429,.342,.087,.329,.292,.037
Estevez, Carlos,608032,2019,276,182,.267,.250,.017,.474,.421,.053,.336,.314,.022
Liriano, Francisco,434538,2019,274,179,.235,.235,.000,.397,.381,.016,.319,.318,.001
Chen, Wei-Yin,612672,2019,274,198,.305,.270,.035,.558,.465,.093,.381,.339,.042
Lugo, Seth,607625,2019,274,167,.194,.185,.009,.321,.318,.003,.245,.241,.004
Petit, Yusmeiro,433589,2019,273,208,.202,.212,-.010,.366,.375,-.009,.246,.261,-.015
Buttrey, Ty,621142,2019,272,172,.244,.245,-.001,.374,.385,-.011,.298,.308,-.010
Hudson, Daniel,543339,2019,268,175,.216,.222,-.006,.388,.421,-.033,.294,.315,-.021
Brebbia, John,605154,2019,268,164,.198,.198,.000,.310,.330,-.020,.257,.266,-.009
Harvey, Matt,518774,2019,266,195,.275,.302,-.027,.528,.524,.004,.372,.390,-.018
Devenski, Chris,606965,2019,265,176,.269,.239,.030,.492,.404,.088,.346,.310,.036
Barlow, Scott,605130,2019,264,148,.240,.222,.018,.404,.358,.046,.323,.305,.018
Cease, Dylan,656302,2019,263,172,.281,.245,.036,.523,.424,.099,.369,.323,.046
Andriese, Matt,542882,2019,262,168,.267,.220,.047,.435,.365,.070,.324,.282,.042
Newcomb, Sean,656794,2019,262,178,.237,.244,-.007,.388,.385,.003,.305,.313,-.008
Biagini, Joe,607352,2019,261,181,.274,.273,.001,.468,.455,.013,.341,.341,.000
Trivino, Lou,642152,2019,259,172,.267,.233,.034,.434,.342,.092,.340,.300,.040
Kingham, Nick,592468,2019,259,188,.341,.278,.063,.598,.475,.123,.421,.355,.066
Soria, Joakim,465657,2019,258,164,.214,.222,-.008,.363,.389,-.026,.275,.295,-.020
Bedrosian, Cam,592135,2019,258,169,.207,.228,-.021,.336,.367,-.031,.273,.301,-.028
Green, Chad,643338,2019,256,157,.274,.257,.017,.470,.441,.029,.343,.332,.011
Suero, Wander,593833,2019,256,162,.243,.255,-.012,.352,.389,-.037,.285,.308,-.023
Perdomo, Luis,606131,2019,255,189,.252,.260,-.008,.366,.390,-.024,.288,.304,-.016
Cortes Jr., Nestor,641482,2019,254,170,.258,.256,.002,.463,.446,.017,.334,.332,.002
Conley, Adam,543045,2019,254,178,.308,.270,.038,.537,.453,.084,.382,.339,.043
Treinen, Blake,595014,2019,254,165,.258,.250,.008,.424,.411,.013,.340,.337,.003
Weaver, Luke,596133,2019,254,169,.233,.251,-.018,.377,.414,-.037,.283,.307,-.024
Leclerc, Jose,600917,2019,254,129,.203,.171,.032,.363,.272,.091,.302,.264,.038
Ross, Joe,605452,2019,253,175,.300,.269,.031,.465,.456,.009,.369,.360,.009
Margevicius, Nick,676606,2019,252,192,.306,.289,.017,.546,.488,.058,.382,.359,.023
Workman, Brandon,519443,2019,252,121,.125,.175,-.050,.173,.237,-.064,.210,.257,-.047
Waguespack, Jacob,621097,2019,252,180,.235,.264,-.029,.398,.442,-.044,.310,.340,-.030
Ottavino, Adam,493603,2019,251,132,.190,.176,.014,.295,.273,.022,.274,.267,.007
Detwiler, Ross,446321,2019,251,186,.308,.301,.007,.576,.543,.033,.397,.391,.006
Melancon, Mark,453343,2019,250,169,.278,.256,.022,.365,.337,.028,.303,.286,.017
Farmer, Buck,571656,2019,249,158,.267,.254,.013,.465,.439,.026,.338,.329,.009
Iglesias, Raisel,628452,2019,249,149,.253,.225,.028,.458,.378,.080,.325,.293,.032
Dyson, Sam,473879,2019,249,178,.230,.239,-.009,.357,.370,-.013,.277,.290,-.013
Baez, Pedro,520980,2019,248,159,.176,.180,-.004,.288,.287,.001,.242,.246,-.004
Rogers, Taylor,573124,2019,247,152,.231,.209,.022,.354,.341,.013,.274,.261,.013
Castillo, Diego,650895,2019,246,154,.248,.200,.048,.399,.316,.083,.310,.265,.045
Robles, Hansel,570663,2019,246,169,.233,.221,.012,.344,.350,-.006,.267,.268,-.001
Guerra, Javy,457915,2019,245,182,.242,.243,-.001,.414,.408,.006,.301,.303,-.002
Eickhoff, Jerad,595191,2019,245,174,.261,.245,.016,.563,.499,.064,.369,.345,.024
Gant, John,607231,2019,245,166,.206,.226,-.020,.312,.315,-.003,.269,.282,-.013
Moronta, Reyes,606625,2019,245,140,.197,.192,.005,.298,.333,-.035,.276,.289,-.013
Claudio, Alex,592222,2019,244,173,.246,.239,.007,.417,.341,.076,.320,.303,.017
Garcia, Luis,472610,2019,244,162,.255,.262,-.007,.428,.428,.000,.341,.349,-.008
Diekman, Jake,518617,2019,244,128,.208,.209,-.001,.310,.308,.002,.304,.308,-.004
Mengden, Daniel,596043,2019,244,178,.248,.259,-.011,.408,.430,-.022,.317,.335,-.018
Covey, Dylan,592229,2019,243,183,.284,.321,-.037,.493,.544,-.051,.361,.400,-.039
Martin, Brett,656685,2019,242,174,.286,.268,.018,.429,.417,.012,.323,.321,.002
Hader, Josh,623352,2019,242,107,.153,.157,-.004,.374,.324,.050,.253,.241,.012
Young, Alex,622065,2019,242,176,.223,.243,-.020,.405,.408,-.003,.293,.308,-.015
Law, Derek,571882,2019,242,146,.249,.241,.008,.438,.382,.056,.344,.328,.016
Rodriguez, Richard,593144,2019,241,169,.251,.230,.021,.429,.392,.037,.316,.298,.018
Soto, Gregory,642397,2019,240,177,.308,.294,.014,.488,.469,.019,.368,.365,.003
Gallegos, Giovanny,606149,2019,239,139,.167,.184,-.017,.302,.344,-.042,.224,.254,-.030
Doolittle, Sean,448281,2019,239,164,.275,.236,.039,.482,.426,.056,.339,.305,.034
Kennedy, Ian,453178,2019,238,157,.265,.217,.048,.365,.360,.005,.296,.276,.020
Cishek, Steve,518553,2019,237,156,.211,.227,-.016,.340,.354,-.014,.282,.298,-.016
McFarland, T.J.,519008,2019,237,182,.319,.310,.009,.479,.475,.004,.358,.356,.002
Neris, Hector,593576,2019,237,133,.182,.184,-.002,.344,.310,.034,.269,.263,.006
Ramirez, Noe,598287,2019,237,147,.237,.215,.022,.423,.359,.064,.312,.286,.026
Barnes, Matt,598264,2019,237,112,.215,.192,.023,.376,.298,.078,.301,.269,.032
Straily, Dan,573185,2019,236,179,.349,.328,.021,.746,.681,.065,.471,.446,.025
Albers, Matt,458006,2019,236,154,.227,.228,-.001,.369,.356,.013,.298,.300,-.002
Agrazal, Dario,642607,2019,235,186,.275,.264,.011,.488,.431,.057,.354,.333,.021
Hughes, Jared,453172,2019,235,171,.237,.252,-.015,.430,.403,.027,.320,.325,-.005
Hand, Brad,543272,2019,234,134,.249,.224,.025,.394,.372,.022,.299,.282,.017
Hernandez, Felix,433587,2019,232,165,.287,.266,.021,.550,.484,.066,.378,.352,.026
Smith, Will,519293,2019,232,129,.202,.209,-.007,.366,.332,.034,.268,.263,.005
Watson, Tony,453265,2019,231,173,.269,.260,.009,.453,.422,.031,.330,.319,.011
Peters, Dillon,596071,2019,230,166,.275,.261,.014,.512,.455,.057,.357,.337,.020
Anderson, Nick,623433,2019,229,117,.213,.195,.018,.365,.337,.028,.269,.257,.012
Osich, Josh,592612,2019,229,165,.248,.251,-.003,.505,.458,.047,.332,.322,.010
Familia, Jeurys,544727,2019,229,130,.275,.236,.039,.462,.367,.095,.376,.334,.042
Stephenson, Robert,596112,2019,228,134,.185,.189,-.004,.371,.302,.069,.267,.249,.018
Pagan, Emilio,641941,2019,227,130,.174,.161,.013,.357,.275,.082,.244,.213,.031
Rondon, Hector,444468,2019,226,163,.246,.225,.021,.438,.375,.063,.323,.298,.025
Diaz, Edwin,621242,2019,226,116,.266,.212,.054,.508,.360,.148,.355,.284,.071
Erlin, Robbie,572362,2019,226,165,.317,.297,.020,.438,.465,-.027,.341,.347,-.006
James, Josh,657624,2019,225,106,.190,.167,.023,.354,.273,.081,.302,.269,.033
Garcia, Yimi,554340,2019,225,145,.176,.167,.009,.444,.340,.104,.284,.248,.036
May, Trevor,543507,2019,225,133,.194,.196,-.002,.321,.341,-.020,.267,.282,-.015
Jeffress, Jeremy,502026,2019,225,157,.269,.268,.001,.393,.420,-.027,.322,.334,-.012
Britton, Zack,502154,2019,225,148,.189,.199,-.010,.268,.291,-.023,.262,.279,-.017
Yates, Kirby,489446,2019,224,114,.191,.173,.018,.275,.262,.013,.235,.228,.007
Jansen, Kenley,445276,2019,224,138,.218,.199,.019,.413,.335,.078,.291,.259,.032
Brewer, Colten,605155,2019,224,148,.282,.252,.030,.431,.368,.063,.352,.326,.026
McCarthy, Kevin,641838,2019,224,175,.310,.288,.022,.447,.412,.035,.342,.331,.011
Burnes, Corbin,669203,2019,223,136,.330,.272,.058,.625,.496,.129,.425,.359,.066
Oberg, Scott,623184,2019,223,142,.196,.227,-.031,.291,.359,-.068,.252,.293,-.041
Armstrong, Shawn,542888,2019,223,142,.258,.243,.015,.433,.434,-.001,.336,.337,-.001
Fry, Paul,643316,2019,223,146,.238,.242,-.004,.378,.360,.018,.317,.316,.001
Crick, Kyle,605195,2019,222,122,.228,.196,.032,.439,.346,.093,.352,.314,.038
Mayza, Tim,641835,2019,222,140,.230,.244,-.014,.419,.417,.002,.315,.326,-.011
Jimenez, Joe,641729,2019,222,126,.240,.217,.023,.490,.405,.085,.346,.311,.035
Lamet, Dinelson,659275,2019,221,125,.223,.224,-.001,.415,.379,.036,.315,.307,.008
Alvarez, Jose,501625,2019,221,163,.281,.253,.028,.419,.381,.038,.317,.293,.024
Banuelos, Manny,544365,2019,220,145,.315,.280,.035,.560,.483,.077,.408,.372,.036
Lopez, Yoan,661255,2019,220,167,.216,.299,-.083,.417,.524,-.107,.286,.368,-.082
Miller, Shelby,571946,2019,220,157,.317,.275,.042,.497,.463,.034,.387,.374,.013
Vazquez, Felipe,553878,2019,219,121,.198,.208,-.010,.327,.349,-.022,.254,.271,-.017
Kahnle, Tommy,592454,2019,219,121,.189,.188,.001,.348,.309,.039,.260,.247,.013
Cimber, Adam,643256,2019,219,164,.246,.237,.009,.369,.341,.028,.297,.288,.009
Chapman, Aroldis,547973,2019,219,113,.185,.192,-.007,.254,.261,-.007,.245,.258,-.013
Garrett, Amir,607237,2019,219,111,.201,.192,.009,.332,.296,.036,.297,.286,.011
Givens, Mychal,571710,2019,217,121,.202,.210,-.008,.399,.378,.021,.290,.290,.000
Fry, Jace,605240,2019,217,124,.232,.243,-.011,.407,.389,.018,.334,.338,-.004
Hill, Rich,448179,2019,217,142,.237,.216,.021,.424,.338,.086,.299,.265,.034
Osuna, Roberto,532077,2019,216,146,.198,.209,-.011,.351,.357,-.006,.255,.264,-.009
Romo, Sergio,489265,2019,216,150,.219,.207,.012,.362,.359,.003,.271,.271,.000
Ryan, Kyle,594986,2019,216,145,.237,.241,-.004,.314,.328,-.014,.270,.285,-.015
Kolarek, Adam,592473,2019,215,155,.235,.245,-.010,.378,.356,.022,.289,.290,-.001
Brach, Brad,542960,2019,214,129,.279,.263,.016,.402,.378,.024,.340,.330,.010
Parker, Blake,453284,2019,214,140,.230,.265,-.035,.419,.462,-.043,.310,.348,-.038
Gott, Trevor,641627,2019,214,138,.216,.232,-.016,.316,.395,-.079,.263,.303,-.040
Swanson, Erik,657024,2019,214,158,.257,.271,-.014,.550,.516,.034,.349,.352,-.003
Greene, Shane,572888,2019,213,139,.194,.223,-.029,.316,.377,-.061,.249,.287,-.038
Elias, Roenis,606273,2019,213,148,.234,.250,-.016,.427,.436,-.009,.311,.327,-.016
Bummer, Aaron,607481,2019,213,142,.196,.215,-.019,.265,.286,-.021,.246,.266,-.020
Velazquez, Hector,584171,2019,212,140,.258,.258,.000,.440,.448,-.008,.338,.346,-.008
Brasier, Ryan,518489,2019,210,140,.247,.267,-.020,.425,.466,-.041,.317,.346,-.029
Hoffman, Jeff,656546,2019,210,143,.315,.279,.036,.620,.519,.101,.412,.368,.044
Roe, Chaz,475054,2019,210,119,.247,.227,.020,.354,.330,.024,.313,.300,.013
Nicasio, Juan,504379,2019,210,145,.297,.292,.005,.443,.441,.002,.342,.349,-.007
Wittgren, Nick,621295,2019,208,142,.211,.251,-.040,.387,.434,-.047,.277,.317,-.040
Hirano, Yoshihisa,673633,2019,208,131,.265,.218,.047,.398,.370,.028,.322,.300,.022
Kelly, Joe,523260,2019,208,130,.246,.217,.029,.396,.348,.048,.309,.283,.026
Colome, Alex,517008,2019,208,142,.175,.242,-.067,.306,.414,-.108,.247,.326,-.079
Wisler, Matt,605538,2019,208,135,.266,.238,.028,.448,.368,.080,.324,.292,.032
Clippard, Tyler,461325,2019,207,133,.173,.182,-.009,.319,.320,-.001,.250,.257,-.007
Kintzler, Brandon,445213,2019,207,146,.205,.228,-.023,.337,.370,-.033,.257,.286,-.029
Gearrin, Cory,518715,2019,207,138,.261,.258,.003,.383,.385,-.002,.323,.326,-.003
Chafin, Andrew,605177,2019,207,128,.253,.249,.004,.371,.395,-.024,.303,.312,-.009
Grace, Matt,594840,2019,206,159,.319,.303,.016,.560,.533,.027,.384,.371,.013
Feliz, Michael,593140,2019,205,120,.215,.198,.017,.387,.345,.042,.296,.280,.016
Harper, Ryne,607560,2019,205,149,.251,.259,-.008,.403,.420,-.017,.292,.310,-.018
Harris, Will,501789,2019,204,139,.211,.224,-.013,.316,.358,-.042,.253,.275,-.022
Herrera, Kelvin,516969,2019,203,143,.318,.292,.026,.486,.445,.041,.365,.342,.023
Duffey, Tyler,608648,2019,203,121,.217,.205,.012,.359,.346,.013,.274,.268,.006
Magill, Matt,543483,2019,202,126,.253,.251,.002,.449,.427,.022,.327,.324,.003
Richard, Clayton,453385,2019,201,157,.298,.294,.004,.522,.485,.037,.380,.374,.006
Swarzak, Anthony,461872,2019,201,133,.242,.248,-.006,.444,.455,-.011,.327,.338,-.011
Holmes, Clay,605280,2019,200,115,.236,.231,.005,.360,.359,.001,.335,.335,.000
Martin, Chris,455119,2019,199,137,.260,.247,.013,.438,.417,.021,.300,.293,.007
Cole, Taylor,518566,2019,199,132,.297,.280,.017,.406,.383,.023,.338,.326,.012
Hernandez, David,456696,2019,199,124,.306,.251,.055,.538,.404,.134,.380,.315,.065
Brice, Austin,592169,2019,199,128,.214,.214,.000,.364,.336,.028,.295,.291,.004
Toussaint, Touki,657053,2019,198,120,.270,.217,.053,.417,.353,.064,.355,.316,.039
Davis, Wade,451584,2019,197,128,.276,.259,.017,.453,.422,.031,.359,.345,.014
Carpenter, Ryan,543001,2019,197,157,.339,.311,.028,.628,.532,.096,.421,.382,.039
Pressly, Ryan,519151,2019,197,120,.196,.212,-.016,.326,.328,-.002,.245,.255,-.010
VerHagen, Drew,572403,2019,196,131,.291,.245,.046,.488,.398,.090,.367,.328,.039
Wingenter, Trey,622259,2019,196,102,.188,.192,-.004,.333,.322,.011,.286,.294,-.008
Gonzalez, Chi Chi,592346,2019,194,145,.279,.290,-.011,.503,.488,.015,.374,.381,-.007
Eovaldi, Nathan,543135,2019,194,126,.284,.229,.055,.527,.408,.119,.375,.324,.051
Miller, Andrew,453192,2019,194,103,.209,.206,.003,.399,.361,.038,.322,.311,.011
Yacabonis, Jimmy,642231,2019,193,134,.307,.282,.025,.554,.518,.036,.403,.385,.018
Guerrero, Tayron,594027,2019,193,112,.233,.233,.000,.427,.430,-.003,.358,.366,-.008
Diaz, Jairo,545064,2019,192,123,.251,.217,.034,.469,.345,.124,.330,.280,.050
Rodriguez, Jefry,622446,2019,190,139,.269,.258,.011,.431,.436,-.005,.328,.335,-.007
Bleier, Richard,542947,2019,190,159,.318,.261,.057,.514,.385,.129,.357,.290,.067
Kinley, Tyler,641755,2019,189,117,.252,.234,.018,.381,.364,.017,.335,.326,.009
Webb, Tyler,643778,2019,189,126,.195,.211,-.016,.360,.338,.022,.274,.278,-.004
Anderson, Justin,605121,2019,188,104,.217,.196,.021,.408,.326,.082,.321,.298,.023
Ponce de Leon, Daniel,594965,2019,186,116,.211,.212,-.001,.360,.343,.017,.293,.292,.001
Hellickson, Jeremy,476451,2019,183,132,.294,.296,-.002,.525,.516,.009,.379,.383,-.004
Glasnow, Tyler,607192,2019,183,119,.202,.188,.014,.277,.289,-.012,.227,.232,-.005
Hardy, Blaine,543278,2019,182,140,.232,.243,-.011,.470,.454,.016,.313,.332,-.019
Holder, Jonathan,656547,2019,181,122,.256,.234,.022,.452,.399,.053,.323,.298,.025
Giles, Ken,571704,2019,177,89,.204,.184,.020,.340,.308,.032,.265,.248,.017
Peralta, Wily,503449,2019,176,131,.296,.283,.013,.487,.504,-.017,.367,.373,-.006
Taylor, Josh,657031,2019,176,104,.236,.219,.017,.325,.317,.008,.282,.276,.006
Ferguson, Caleb,657571,2019,174,102,.236,.260,-.024,.410,.401,.009,.330,.340,-.010
Kelley, Shawn,518875,2019,173,127,.288,.278,.010,.528,.512,.016,.355,.350,.005
Morin, Mike,573046,2019,172,141,.236,.267,-.031,.379,.408,-.029,.282,.310,-.028
Floro, Dylan,571670,2019,170,123,.242,.242,.000,.340,.349,-.009,.276,.282,-.006
Drake, Oliver,543118,2019,170,106,.209,.222,-.013,.392,.381,.011,.292,.298,-.006
Garcia, Jarlin,606424,2019,169,118,.204,.226,-.022,.283,.331,-.048,.244,.276,-.032
Kittredge, Andrew,552640,2019,169,112,.284,.235,.049,.445,.365,.080,.331,.287,.044
McGee, Jake,459429,2019,169,125,.292,.256,.036,.565,.460,.105,.374,.333,.041
Wood, Hunter,621056,2019,168,124,.269,.253,.016,.429,.393,.036,.314,.297,.017
Alcantara, Victor,622505,2019,168,132,.289,.293,-.004,.513,.520,-.007,.364,.377,-.013
Kluber, Corey,446372,2019,168,112,.297,.246,.051,.453,.426,.027,.356,.329,.027
Marshall, Evan,605359,2019,167,120,.247,.249,-.002,.387,.410,-.023,.302,.313,-.011
Buchter, Ryan,488748,2019,167,104,.264,.265,-.001,.464,.427,.037,.345,.338,.007
Hembree, Heath,592390,2019,167,101,.233,.212,.021,.473,.425,.048,.338,.317,.021
Martinez, Carlos,593372,2019,166,104,.226,.227,-.001,.295,.339,-.044,.271,.289,-.018
Rodney, Fernando,407845,2019,166,107,.274,.236,.038,.397,.388,.009,.334,.317,.017
Suarez, Ranger,624133,2019,166,120,.283,.263,.020,.447,.394,.053,.328,.303,.025
Poche, Colin,621363,2019,165,88,.184,.167,.017,.381,.309,.072,.279,.250,.029
Rainey, Tanner,663432,2019,165,75,.177,.199,-.022,.338,.373,-.035,.311,.333,-.022
Ruiz, Jose,614179,2019,164,108,.309,.265,.044,.485,.435,.050,.380,.350,.030
Eshelman, Tom,664045,2019,164,130,.313,.302,.011,.593,.526,.067,.395,.377,.018
Civale, Aaron,650644,2019,163,119,.228,.251,-.023,.342,.323,.019,.263,.272,-.009
Sadler, Casey,594987,2019,163,122,.238,.232,.006,.367,.336,.031,.290,.283,.007
Ross, Tyson,475115,2019,162,118,.289,.300,-.011,.493,.527,-.034,.368,.388,-.020
Johnson, Brian,598271,2019,161,120,.333,.266,.067,.563,.433,.130,.404,.333,.071
Brennan, Brandon,592165,2019,161,103,.210,.233,-.023,.377,.371,.006,.286,.300,-.014
McKay, Brendan,656713,2019,159,106,.281,.261,.020,.521,.445,.076,.361,.330,.031
Bass, Anthony,542914,2019,158,107,.200,.252,-.052,.336,.389,-.053,.263,.318,-.055
Keller, Mitch,656605,2019,158,101,.350,.254,.096,.566,.394,.172,.408,.311,.097
Rodon, Carlos,607074,2019,158,94,.239,.203,.036,.391,.334,.057,.310,.289,.021
Taillon, Jameson,592791,2019,158,118,.231,.261,-.030,.401,.424,-.023,.287,.315,-.028
Leone, Dominic,608678,2019,157,100,.259,.264,-.005,.496,.521,-.025,.349,.363,-.014
Pruitt, Austin,643493,2019,155,113,.275,.261,.014,.465,.414,.051,.324,.305,.019
Wood, Alex,622072,2019,153,113,.291,.300,-.009,.589,.516,.073,.386,.371,.015
Hale, David,571735,2019,153,124,.255,.250,.005,.393,.352,.041,.288,.276,.012
Biddle, Jesse,592145,2019,152,100,.339,.337,.002,.524,.540,-.016,.414,.420,-.006
Holland, Greg,518813,2019,152,87,.198,.192,.006,.365,.336,.029,.299,.292,.007
Peralta, Wandy,593974,2019,151,107,.275,.288,-.013,.542,.494,.048,.366,.372,-.006
Bard, Luke,572703,2019,151,111,.265,.273,-.008,.441,.444,-.003,.330,.339,-.009
Perez, Oliver,424144,2019,150,95,.241,.214,.027,.416,.328,.088,.304,.264,.040
Reid-Foley, Sean,656887,2019,150,99,.262,.247,.015,.444,.404,.040,.355,.338,.017
Buchholz, Clay,453329,2019,149,119,.279,.303,-.024,.478,.523,-.045,.341,.376,-.035
Maton, Phil,664208,2019,148,108,.276,.273,.003,.515,.420,.095,.359,.326,.033
Vincent, Nick,543883,2019,147,104,.284,.264,.020,.500,.452,.048,.351,.332,.019
Wright, Mike,605541,2019,147,103,.336,.287,.049,.565,.452,.113,.401,.349,.052
Kline, Branden,571858,2019,147,102,.288,.308,-.020,.553,.549,.004,.378,.396,-.018
Goody, Nick,580792,2019,146,88,.203,.186,.017,.367,.280,.087,.286,.252,.034
Alvarado, Jose,621237,2019,146,80,.254,.249,.005,.360,.375,-.015,.331,.338,-.007
Strop, Pedro,467008,2019,143,89,.242,.216,.026,.452,.393,.059,.343,.318,.025
Alexander, Tyler,641302,2019,143,110,.324,.276,.048,.529,.481,.048,.370,.336,.034
Smeltzer, Devin,656970,2019,143,107,.254,.278,-.024,.470,.489,-.019,.326,.346,-.020
Weber, Ryan,543901,2019,143,112,.263,.248,.015,.436,.384,.052,.319,.298,.021
Irvin, Cole,608344,2019,142,104,.302,.285,.017,.524,.511,.013,.371,.364,.007
Garcia, Edgar,658305,2019,141,88,.288,.261,.027,.576,.529,.047,.399,.376,.023
Shafer, Justin,596101,2019,141,90,.254,.231,.023,.466,.388,.078,.351,.319,.032
Olson, Tyler,621397,2019,140,94,.281,.221,.060,.438,.349,.089,.346,.300,.046
Flynn, Brian,543169,2019,139,97,.333,.316,.017,.465,.473,-.008,.382,.385,-.003
Luciano, Elvis,672773,2019,138,90,.297,.244,.053,.495,.407,.088,.396,.350,.046
Minter, A.J.,621345,2019,137,80,.279,.248,.031,.405,.391,.014,.346,.333,.013
Sims, Lucas,608371,2019,135,74,.203,.163,.040,.441,.327,.114,.311,.260,.051
Hartlieb, Geoff,664129,2019,134,90,.347,.282,.065,.610,.480,.130,.418,.352,.066
Tinoco, Jesus,622786,2019,131,89,.252,.261,-.009,.586,.528,.058,.389,.382,.007
Webb, Jacob,657097,2019,131,90,.205,.205,.000,.376,.348,.028,.287,.281,.006
Hernandez, Darwinzon,650382,2019,130,52,.212,.141,.071,.298,.201,.097,.306,.251,.055
Barraclough, Kyle,607457,2019,129,82,.301,.279,.022,.566,.542,.024,.393,.381,.012
Mejia, Adalberto,606167,2019,129,83,.291,.296,-.005,.473,.527,-.054,.370,.394,-.024
Springs, Jeffrey,605488,2019,129,82,.290,.268,.022,.467,.395,.072,.368,.342,.026
Wilson, Justin,458677,2019,129,82,.228,.216,.012,.333,.303,.030,.291,.279,.012
Allen, Logan,663531,2019,127,95,.330,.323,.007,.550,.531,.019,.405,.406,-.001
Stumpf, Daniel,621385,2019,127,88,.300,.257,.043,.482,.443,.039,.356,.331,.025
Minaya, Juan,573668,2019,126,85,.277,.232,.045,.500,.376,.124,.365,.307,.058
Duplantier, Jon,641541,2019,126,79,.267,.260,.007,.381,.442,-.061,.340,.360,-.020
Barnes, Jacob,606930,2019,125,86,.269,.259,.010,.491,.449,.042,.354,.342,.012
Warren, Adam,476589,2019,124,86,.257,.256,.001,.550,.488,.062,.372,.354,.018
Cisnero, Jose,542585,2019,123,74,.243,.210,.033,.408,.318,.090,.324,.290,.034
Blevins, Jerry,460283,2019,123,73,.204,.253,-.049,.379,.444,-.065,.299,.347,-.048
Almonte, Yency,622075,2019,123,91,.255,.296,-.041,.482,.556,-.074,.344,.393,-.049
Boxberger, Brad,502202,2019,122,77,.243,.225,.018,.398,.346,.052,.329,.311,.018
Blach, Ty,621389,2019,122,89,.349,.306,.043,.623,.513,.110,.443,.394,.049
Avilan, Luis,501593,2019,121,81,.252,.261,-.009,.374,.379,-.005,.315,.322,-.007
Morgan, Adam,605388,2019,120,78,.187,.188,-.001,.346,.315,.031,.270,.262,.008
Hill, Tim,657612,2019,119,80,.243,.235,.008,.379,.362,.017,.315,.307,.008
Allard, Kolby,663465,2019,119,81,.250,.246,.004,.352,.348,.004,.292,.292,.000
Newberry, Jake,623470,2019,119,82,.240,.253,-.013,.510,.516,-.006,.337,.353,-.016
Brigham, Jeff,656257,2019,119,76,.271,.251,.020,.514,.465,.049,.355,.333,.022
Smith, Josh A.,595001,2019,118,85,.284,.275,.009,.532,.526,.006,.365,.364,.001
Cole, A.J.,595918,2019,118,80,.290,.233,.057,.486,.364,.122,.345,.281,.064
Sobotka, Chad,656977,2019,117,67,.240,.222,.018,.420,.386,.034,.338,.322,.016
Quijada, Jose,650671,2019,117,57,.242,.248,-.006,.593,.470,.123,.413,.381,.032
Phelps, David,475479,2019,116,75,.238,.223,.015,.410,.378,.032,.308,.293,.015
Allen, Cody,592102,2019,116,66,.255,.260,-.005,.628,.595,.033,.415,.412,.003
Santiago, Hector,502327,2019,115,78,.297,.266,.031,.535,.498,.037,.383,.365,.018
Wieck, Brad,623364,2019,114,70,.252,.236,.016,.515,.454,.061,.348,.326,.022
Wang, Wei-Chung,623913,2019,114,86,.228,.227,.001,.396,.405,-.009,.304,.310,-.006
Helsley, Ryan,664854,2019,114,75,.180,.210,-.030,.320,.346,-.026,.250,.275,-.025
Parsons, Wes,641149,2019,113,77,.272,.324,-.052,.489,.539,-.050,.367,.409,-.042
Suarez, Andrew,605498,2019,113,83,.333,.282,.051,.656,.570,.086,.424,.395,.029
Otero, Dan,519096,2019,112,97,.343,.311,.032,.528,.512,.016,.380,.363,.017
Gonsolin, Tony,664062,2019,112,84,.200,.229,-.029,.362,.374,-.012,.257,.281,-.024
Ramirez, Neil,519166,2019,112,73,.274,.261,.013,.558,.501,.057,.385,.366,.019
Sandoval, Patrick,663776,2019,111,70,.245,.252,-.007,.418,.374,.044,.319,.311,.008
Gagnon, Drew,543193,2019,111,86,.314,.300,.014,.667,.576,.091,.429,.397,.032
Dowdy, Kyle,664871,2019,110,74,.295,.299,-.004,.477,.484,-.007,.381,.396,-.015
Dominguez, Seranthony,622554,2019,110,68,.250,.221,.029,.385,.325,.060,.319,.290,.029
Hicks, Jordan,663855,2019,110,67,.163,.164,-.001,.255,.254,.001,.233,.236,-.003
Shoemaker, Matt,533167,2019,108,74,.163,.242,-.079,.306,.464,-.158,.241,.334,-.093
Adams, Chance,664856,2019,107,77,.326,.265,.061,.579,.445,.134,.414,.347,.067
Sadzeck, Connor,592712,2019,107,63,.200,.208,-.008,.344,.382,-.038,.299,.317,-.018
Estrada, Marco,462136,2019,106,84,.242,.208,.034,.537,.460,.077,.359,.323,.036
Duke, Zach,435043,2019,106,68,.250,.273,-.023,.452,.437,.015,.364,.376,-.012
Wendelken, J.B.,605525,2019,106,70,.206,.169,.037,.351,.282,.069,.261,.228,.033
Anderson, Tyler,542881,2019,106,72,.363,.315,.048,.736,.588,.148,.471,.413,.058
Littell, Zack,641793,2019,105,76,.265,.318,-.053,.449,.523,-.074,.325,.379,-.054
May, Dustin,669160,2019,105,81,.283,.298,-.015,.394,.461,-.067,.312,.346,-.034
Anderson, Tanner,664196,2019,105,79,.309,.280,.029,.454,.496,-.042,.345,.350,-.005
Phillips, Evan,623465,2019,104,54,.325,.265,.060,.475,.405,.070,.405,.368,.037
Cordero, Jimmy,622772,2019,103,67,.226,.235,-.009,.419,.372,.047,.310,.302,.008
Payano, Pedro,622797,2019,103,70,.302,.316,-.014,.488,.483,.005,.389,.399,-.010
Fulmer, Carson,608334,2019,103,63,.256,.216,.040,.402,.314,.088,.343,.319,.024
Adams, Austin,613534,2019,103,43,.159,.154,.005,.273,.212,.061,.255,.236,.019
Bowman, Matt,621199,2019,103,75,.261,.239,.022,.391,.309,.082,.299,.263,.036
Reininger, Zac,643617,2019,102,83,.371,.349,.022,.820,.660,.160,.499,.462,.037
Urquidy, Jose,664353,2019,102,74,.292,.246,.046,.490,.442,.048,.343,.309,.034
Festa, Matt,670036,2019,101,65,.241,.245,-.004,.530,.446,.084,.360,.342,.018
Wick, Rowan,592858,2019,101,63,.191,.194,-.003,.247,.286,-.039,.238,.254,-.016
Noesi, Hector,456051,2019,99,67,.277,.251,.026,.614,.483,.131,.409,.362,.047
Tarpley, Stephen,605501,2019,98,59,.325,.268,.057,.578,.481,.097,.423,.371,.052
Loaisiga, Jonathan,642528,2019,97,62,.259,.221,.038,.506,.385,.121,.358,.318,.040
Voth, Austin,608723,2019,97,64,.239,.191,.048,.420,.310,.110,.315,.260,.055
Guerrieri, Taylor,605260,2019,97,58,.247,.196,.051,.469,.345,.124,.362,.307,.055
Kela, Keone,605309,2019,96,59,.184,.191,-.007,.391,.359,.032,.280,.277,.003
Koch, Matt,571863,2019,96,78,.333,.327,.006,.701,.639,.062,.454,.435,.019
Lovelady, Richard,663992,2019,96,70,.353,.245,.108,.541,.334,.207,.397,.289,.108
Rosscup, Zac,573127,2019,94,49,.293,.212,.081,.427,.306,.121,.380,.314,.066
Stewart, Kohl,640464,2019,93,79,.279,.295,-.016,.488,.467,.021,.349,.353,-.004
Wilson, Bryse,669060,2019,93,67,.321,.275,.046,.654,.480,.174,.431,.358,.073
Winkler, Dan,595465,2019,93,59,.222,.241,-.019,.481,.482,-.001,.342,.355,-.013
Martin, Corbin,656686,2019,92,61,.288,.251,.037,.650,.454,.196,.426,.350,.076
Jackson, Jay,543351,2019,92,48,.203,.245,-.042,.392,.433,-.041,.291,.327,-.036
Sipp, Tony,448609,2019,92,64,.241,.250,-.009,.329,.395,-.066,.284,.340,-.056
DuRapau, Montana,657566,2019,90,57,.342,.290,.052,.595,.443,.152,.429,.361,.068
Mills, Alec,621219,2019,89,58,.263,.301,-.038,.461,.523,-.062,.362,.402,-.040
Ramirez, Yefry,606162,2019,88,55,.324,.296,.028,.592,.461,.131,.426,.382,.044
Chargois, JT,608638,2019,88,53,.273,.227,.046,.506,.386,.120,.331,.279,.052
Oh, Seunghwan,493200,2019,88,66,.354,.331,.023,.585,.557,.028,.416,.400,.016
Kimbrel, Craig,518886,2019,88,49,.243,.259,-.016,.554,.523,.031,.378,.383,-.005
Scott, Tanner,656945,2019,87,44,.304,.266,.038,.507,.426,.081,.411,.377,.034
Burr, Ryan,621114,2019,86,58,.227,.203,.024,.413,.331,.082,.300,.289,.011
Thornburg, Tyler,592804,2019,86,53,.280,.244,.036,.600,.579,.021,.404,.389,.015
Bergen, Travis,664157,2019,85,57,.240,.294,-.054,.493,.541,-.048,.341,.386,-.045
Rosenthal, Trevor,572096,2019,85,38,.208,.247,-.039,.226,.347,-.121,.367,.411,-.044
Baez, Michel,673258,2019,85,55,.236,.227,.009,.361,.383,-.022,.312,.319,-.007
Crichton, Stefan,592233,2019,84,58,.208,.248,-.040,.312,.411,-.099,.255,.310,-.055
Bashlor, Tyler,641341,2019,83,57,.271,.251,.020,.543,.498,.045,.378,.358,.020
Scott, Tayler,605463,2019,82,58,.397,.349,.048,.706,.541,.165,.502,.434,.068
Munoz, Andres,662253,2019,82,45,.141,.178,-.037,.211,.288,-.077,.215,.259,-.044
Hammer, JD,670456,2019,82,56,.217,.282,-.065,.377,.469,-.092,.318,.378,-.060
Wright, Kyle,657140,2019,82,54,.324,.312,.012,.618,.575,.043,.439,.426,.013
Stewart, Brock,592779,2019,81,62,.315,.219,.096,.630,.452,.178,.405,.309,.096
Johnson, DJ,597113,2019,80,46,.274,.255,.019,.355,.418,-.063,.347,.361,-.014
Adams, Austin,542866,2019,80,53,.273,.243,.030,.530,.485,.045,.384,.371,.013
McKay, David,641853,2019,80,46,.200,.238,-.038,.323,.366,-.043,.303,.335,-.032
Wilkerson, Aaron,658792,2019,80,60,.357,.258,.099,.586,.384,.202,.422,.313,.109
McRae, Alex,656725,2019,79,53,.324,.251,.073,.647,.485,.162,.440,.359,.081
Dugger, Robert,667498,2019,79,56,.224,.267,-.043,.418,.435,-.017,.319,.347,-.028
Sheffield, Justus,656954,2019,79,50,.294,.243,.051,.500,.410,.090,.384,.336,.048
Neshek, Pat,450212,2019,78,68,.303,.325,-.022,.539,.563,-.024,.352,.376,-.024
Coonrod, Sam,656322,2019,78,52,.167,.191,-.024,.273,.308,-.035,.264,.287,-.023
Edwards Jr., Carl,605218,2019,78,45,.190,.239,-.049,.349,.443,-.094,.306,.359,-.053
Montero, Rafael,606160,2019,77,48,.186,.214,-.028,.343,.395,-.052,.264,.298,-.034
Garrett, Reed,657585,2019,77,53,.381,.312,.069,.651,.604,.047,.480,.441,.039
Reyes, Gerardo,622103,2019,77,42,.274,.205,.069,.452,.334,.118,.353,.295,.058
Lockett, Walker,621141,2019,77,58,.329,.295,.034,.557,.445,.112,.396,.348,.048
Alexander, Scott,518397,2019,76,59,.250,.302,-.052,.412,.448,-.036,.311,.351,-.040
Jewell, Jake,657228,2019,76,51,.279,.250,.029,.618,.505,.113,.405,.356,.049
McGowin, Kyle,641851,2019,76,53,.319,.304,.015,.652,.580,.072,.417,.390,.027
Dunn, Mike,445197,2019,75,54,.262,.216,.046,.523,.395,.128,.337,.293,.044
Valdez, Phillips,570488,2019,75,46,.270,.244,.026,.444,.379,.065,.355,.327,.028
Armenteros, Rogelio,660494,2019,75,52,.243,.244,-.001,.314,.329,-.015,.269,.276,-.007
Mayers, Mike,594577,2019,75,51,.281,.306,-.025,.547,.517,.030,.390,.396,-.006
Thorpe, Lewis,626929,2019,74,51,.304,.270,.034,.449,.407,.042,.344,.316,.028
Zimmer, Kyle,622092,2019,73,49,.350,.313,.037,.517,.488,.029,.424,.404,.020
Gomez, Jeanmar,491646,2019,73,56,.359,.310,.049,.563,.462,.101,.407,.364,.043
Burke, Brock,656271,2019,73,54,.203,.229,-.026,.250,.317,-.067,.250,.287,-.037
Nelson, Jimmy,519076,2019,73,43,.310,.282,.028,.569,.441,.128,.428,.383,.045
Hall, Matt,664180,2019,73,43,.254,.219,.035,.476,.436,.040,.353,.328,.025
Fillmyer, Heath,641571,2019,72,58,.333,.325,.008,.619,.574,.045,.416,.416,.000
Stashak, Cody,664054,2019,72,57,.296,.253,.043,.479,.480,-.001,.331,.316,.015
Hildenberger, Trevor,657610,2019,71,51,.381,.302,.079,.540,.408,.132,.406,.345,.061
Flexen, Chris,623167,2019,70,47,.268,.245,.023,.429,.384,.045,.353,.344,.009
Davis, Austin,656354,2019,70,41,.304,.273,.031,.607,.489,.118,.438,.395,.043
Lakins, Travis,664042,2019,70,51,.288,.246,.042,.407,.358,.049,.332,.320,.012
Gustave, Jandel,594311,2019,70,56,.190,.295,-.105,.254,.434,-.180,.213,.333,-.120
Staumont, Josh,622251,2019,69,47,.258,.286,-.028,.532,.558,-.026,.359,.383,-.024
Bradford, Chasen,607473,2019,69,54,.266,.272,-.006,.594,.486,.108,.368,.338,.030
Rogers, Josh,642028,2019,69,54,.305,.302,.003,.712,.673,.039,.459,.449,.010
Lucas, Josh,572998,2019,69,46,.237,.231,.006,.373,.363,.010,.290,.297,-.007
Smith, Joe,501925,2019,68,51,.231,.212,.019,.354,.337,.017,.267,.256,.011
Despaigne, Odrisamer,628333,2019,68,53,.407,.360,.047,.678,.579,.099,.476,.432,.044
Webb, Logan,657277,2019,67,46,.290,.266,.024,.452,.359,.093,.342,.302,.040
Sneed, Cy,605482,2019,66,46,.279,.244,.035,.443,.380,.063,.328,.292,.036
Tropeano, Nick,607374,2019,66,48,.316,.317,-.001,.667,.587,.080,.436,.415,.021
Markel, Parker,571917,2019,66,42,.327,.291,.036,.709,.538,.171,.472,.408,.064
Miller, Justin,502522,2019,65,48,.276,.230,.046,.534,.466,.068,.372,.333,.039
Bird, Kyle,613317,2019,65,38,.229,.250,-.021,.542,.492,.050,.415,.411,.004
Smith, Burch,572143,2019,65,40,.296,.231,.065,.537,.467,.070,.397,.351,.046
Santana, Ervin,429722,2019,64,53,.339,.302,.037,.821,.690,.131,.479,.451,.028
Strickland, Hunter,519326,2019,64,46,.211,.228,-.017,.368,.406,-.038,.282,.307,-.025
Ramos, Edubray,591693,2019,63,48,.316,.270,.046,.596,.487,.109,.405,.352,.053
Tuivailala, Sam,592815,2019,63,39,.179,.173,.006,.232,.272,-.040,.233,.246,-.013
Boshers, Buddy,542953,2019,63,37,.278,.193,.085,.481,.302,.179,.366,.273,.093
Faria, Jake,607188,2019,62,41,.278,.250,.028,.537,.434,.103,.384,.341,.043
Melville, Tim,543532,2019,61,43,.269,.255,.014,.462,.476,-.014,.346,.353,-.007
Williams, Taylor,592865,2019,60,42,.377,.323,.054,.509,.470,.039,.411,.378,.033
Cobb, Alex,502171,2019,60,50,.362,.407,-.045,.914,.904,.010,.527,.550,-.023
Howard, Sam,607572,2019,60,37,.280,.246,.034,.440,.348,.092,.364,.322,.042
Sewald, Paul,623149,2019,60,39,.236,.221,.015,.436,.420,.016,.303,.307,-.004
Shawaryn, Mike,642067,2019,60,30,.260,.219,.041,.580,.506,.074,.405,.370,.035
Cabrera, Genesis,650893,2019,59,41,.300,.290,.010,.480,.499,-.019,.379,.384,-.005
Mazza, Chris,607391,2019,58,44,.412,.366,.046,.627,.557,.070,.457,.427,.030
Dull, Ryan,623430,2019,58,42,.429,.339,.090,.837,.734,.103,.537,.473,.064
Steckenrider, Drew,608716,2019,58,38,.173,.203,-.030,.519,.549,-.030,.323,.352,-.029
Menez, Conner,669214,2019,57,33,.261,.225,.036,.565,.450,.115,.391,.360,.031
Wilson, Alex,543935,2019,57,35,.313,.270,.043,.563,.442,.121,.407,.349,.058
Ginkel, Kevin,656464,2019,57,35,.173,.210,-.037,.250,.312,-.062,.225,.262,-.037
McClain, Reggie,596035,2019,57,41,.220,.293,-.073,.400,.413,-.013,.312,.352,-.040
Clase, Emmanuel,661403,2019,57,37,.220,.230,-.010,.400,.309,.091,.311,.291,.020
Adam, Jason,592094,2019,56,38,.205,.198,.007,.318,.347,-.029,.278,.295,-.017
Stock, Robert,476594,2019,56,32,.298,.255,.043,.489,.438,.051,.389,.357,.032
Tepera, Ryan,572193,2019,55,36,.261,.285,-.024,.565,.558,.007,.368,.392,-.024
Fairbanks, Peter,664126,2019,55,29,.255,.248,.007,.553,.493,.060,.386,.368,.018
Alaniz, R.J.,595798,2019,55,41,.327,.297,.030,.612,.502,.110,.411,.373,.038
Palumbo, Joe,643478,2019,54,38,.348,.300,.048,.717,.564,.153,.475,.410,.065
Alzolay, Adbert,640470,2019,54,34,.261,.264,-.003,.565,.467,.098,.393,.367,.026
Neverauskas, Dovydas,596720,2019,53,34,.349,.315,.034,.628,.612,.016,.444,.432,.012
Webster, Allen,543903,2019,52,37,.304,.280,.024,.500,.529,-.029,.367,.368,-.001
Davis, Rookie,606959,2019,51,33,.300,.253,.047,.625,.457,.168,.425,.358,.067
Venters, Jonny,458924,2019,49,25,.324,.296,.028,.595,.525,.070,.456,.428,.028
Bautista, Gerson,639373,2019,49,33,.333,.295,.038,.590,.466,.124,.433,.395,.038
Jimenez, Eduardo,621592,2019,49,36,.273,.262,.011,.432,.439,-.007,.337,.342,-.005
Carle, Shane,641438,2019,49,31,.297,.312,-.015,.676,.650,.026,.462,.466,-.004
Rosario, Randy,600968,2019,49,34,.273,.263,.010,.477,.428,.049,.352,.336,.016
Williams, Devin,642207,2019,48,33,.341,.246,.095,.488,.421,.067,.403,.345,.058
Harvey, Joe,642840,2019,48,29,.282,.227,.055,.436,.304,.132,.361,.336,.025
Tate, Dillon,622253,2019,48,31,.220,.233,-.013,.463,.404,.059,.343,.334,.009
Sherfy, Jimmie,642073,2019,48,33,.286,.255,.031,.310,.340,-.030,.304,.302,.002
Musgrave, Harrison,643466,2019,47,28,.231,.252,-.021,.308,.374,-.066,.284,.317,-.033
Volquez, Edinson,450172,2019,47,30,.297,.330,-.033,.595,.582,.013,.438,.453,-.015
Jones, Nate,518858,2019,47,29,.256,.213,.043,.410,.288,.122,.344,.289,.055
Anderson, Cody,594736,2019,46,28,.333,.282,.051,.528,.472,.056,.429,.394,.035
De Los Santos, Enyel,660853,2019,46,32,.317,.304,.013,.610,.545,.065,.420,.396,.024
Maples, Dillon,596027,2019,45,19,.182,.202,-.020,.364,.359,.005,.352,.362,-.010
Skoglund, Eric,607215,2019,44,36,.306,.287,.019,.528,.557,-.029,.396,.401,-.005
Gibaut, Ian,664139,2019,43,27,.189,.252,-.063,.216,.329,-.113,.232,.309,-.077
Carasiti, Matt,571539,2019,43,28,.297,.227,.070,.514,.378,.136,.373,.305,.068
Smith, Josh D.,605479,2019,43,21,.242,.141,.101,.364,.242,.122,.349,.275,.074
Morejon, Adrian,670970,2019,42,30,.385,.338,.047,.615,.541,.074,.440,.398,.042
Schlitter, Brian,489295,2019,41,31,.324,.203,.121,.405,.269,.136,.350,.254,.096
Dobnak, Randy,677976,2019,41,32,.325,.293,.032,.350,.335,.015,.303,.276,.027
Borucki, Ryan,621366,2019,40,28,.441,.357,.084,.794,.631,.163,.542,.456,.086
Romero, Fernando,622864,2019,40,26,.353,.324,.029,.588,.550,.038,.441,.420,.021
Romano, Sal,607219,2019,39,29,.389,.291,.098,.694,.486,.208,.471,.360,.111
Burdi, Nick,595897,2019,39,20,.297,.186,.111,.486,.307,.179,.347,.235,.112
Collins, Tim,525768,2019,38,31,.265,.276,-.011,.441,.437,.004,.320,.336,-.016
Grotz, Zac,665093,2019,37,24,.219,.262,-.043,.281,.313,-.032,.267,.305,-.038
Perez, Cionel,672335,2019,37,30,.314,.317,-.003,.629,.535,.094,.408,.382,.026
Romano, Jordan,605447,2019,37,14,.103,.136,-.033,.310,.313,-.003,.283,.301,-.018
Dayton, Grant,594795,2019,37,23,.294,.197,.097,.471,.351,.120,.353,.270,.083
Vieira, Thyago,600986,2019,37,24,.344,.314,.030,.375,.474,-.099,.363,.387,-.024
Poppen, Sean,664092,2019,36,22,.323,.270,.053,.581,.459,.122,.419,.361,.058
Black, Ray,605143,2019,36,24,.226,.271,-.045,.484,.513,-.029,.348,.383,-.035
Edwards, Jon,457754,2019,36,23,.179,.306,-.127,.464,.641,-.177,.359,.466,-.107
Petricka, Jake,502593,2019,36,27,.207,.235,-.028,.310,.301,.009,.279,.314,-.035
Peterson, Tim,623402,2019,35,24,.259,.289,-.030,.407,.454,-.047,.367,.397,-.030
Ramirez, JC,500724,2019,34,28,.250,.291,-.041,.531,.494,.037,.343,.360,-.017
Nogosek, Stephen,668665,2019,34,26,.387,.334,.053,.645,.545,.100,.436,.384,.052
Pounders, Brooks,572044,2019,34,26,.300,.287,.013,.500,.467,.033,.368,.357,.011
Oswalt, Corey,621261,2019,34,23,.321,.280,.041,.571,.484,.087,.421,.378,.043
Moore, Matt,519043,2019,33,23,.094,.188,-.094,.094,.266,-.172,.100,.206,-.106
Robertson, David,502085,2019,33,21,.296,.282,.014,.444,.464,-.020,.382,.387,-.005
Altavilla, Dan,656186,2019,33,18,.227,.151,.076,.273,.243,.030,.331,.302,.029
Guilbeau, Taylor,607555,2019,33,24,.241,.251,-.010,.414,.355,.059,.313,.305,.008
Zamora, Daniel,623354,2019,33,22,.370,.259,.111,.593,.490,.103,.429,.356,.073
Wright, Steven,453214,2019,33,23,.407,.366,.041,.778,.645,.133,.510,.459,.051
St. John, Locke,657766,2019,33,24,.241,.237,.004,.345,.314,.031,.302,.291,.011
Jennings, Dan,543359,2019,32,15,.333,.277,.056,.458,.437,.021,.410,.387,.023
Huang, Wei-Chieh,658791,2019,32,24,.308,.321,-.013,.462,.541,-.079,.394,.429,-.035
Fernandez, Junior,658551,2019,30,14,.174,.243,-.069,.174,.297,-.123,.280,.341,-.061
Anderson, Drew,623454,2019,30,18,.250,.313,-.063,.375,.422,-.047,.326,.370,-.044
Rhame, Jacob,642008,2019,30,16,.150,.187,-.037,.400,.393,.007,.368,.381,-.013
Diaz, Miguel,622766,2019,29,22,.346,.295,.051,.654,.453,.201,.444,.360,.084
Escobar, Luis,650813,2019,29,22,.455,.357,.098,.682,.557,.125,.502,.444,.058
Hart, Donnie,643354,2019,29,22,.160,.249,-.089,.160,.414,-.254,.199,.325,-.126
Torres, Carlos,448614,2019,29,19,.333,.287,.046,.593,.441,.152,.410,.340,.070
Feierabend, Ryan,456387,2019,29,24,.393,.290,.103,.679,.461,.218,.458,.341,.117
Jerez, Williams,605301,2019,29,19,.304,.300,.004,.522,.553,-.031,.416,.422,-.006
Abad, Fernando,472551,2019,28,23,.192,.207,-.015,.423,.362,.061,.285,.274,.011
Santana, Dennis,642701,2019,27,15,.300,.251,.049,.550,.350,.200,.417,.364,.053
Rodriguez, Jose,642578,2019,27,21,.269,.281,-.012,.654,.549,.105,.390,.362,.028
Gregerson, Luke,502381,2019,27,24,.423,.281,.142,.500,.387,.113,.409,.307,.102
Guduan, Reymin,594056,2019,27,17,.364,.288,.076,.818,.780,.038,.499,.514,-.015
Walker, Jeremy,668683,2019,26,20,.261,.250,.011,.304,.315,-.011,.295,.303,-.008
Blazek, Michael,518468,2019,26,21,.286,.290,-.004,.476,.591,-.115,.391,.431,-.040
Wotherspoon, Matt,642226,2019,26,21,.435,.488,-.053,.739,.732,.007,.517,.542,-.025
Reed, Cody,642003,2019,25,17,.250,.175,.075,.250,.198,.052,.219,.165,.054
Keller, Kyle,664918,2019,25,14,.200,.223,-.023,.650,.720,-.070,.413,.451,-.038
Garcia, Rico,670329,2019,25,18,.350,.367,-.017,.900,.689,.211,.546,.494,.052
Karns, Nate,501992,2019,25,16,.333,.259,.074,.381,.287,.094,.371,.313,.058
Bolanos, Ronald,671790,2019,25,19,.217,.262,-.045,.391,.409,-.018,.286,.320,-.034
Hernandez, Jonathan,642546,2019,25,16,.190,.232,-.042,.333,.357,-.024,.295,.322,-.027
Rodgers, Brady,572086,2019,25,18,.318,.340,-.022,.909,.793,.116,.521,.499,.022
Schreiber, John,670167,2019,24,15,.400,.348,.052,.600,.501,.099,.470,.420,.050
Lyons, Tyler,544928,2019,24,15,.381,.335,.046,.810,.633,.177,.509,.434,.075
Eades, Ryan,592280,2019,24,14,.238,.265,-.027,.333,.483,-.150,.299,.365,-.066
Del Pozo, Miguel,600887,2019,23,11,.056,.090,-.034,.056,.106,-.050,.134,.165,-.031
Poyner, Bobby,596074,2019,23,17,.474,.408,.066,.842,.703,.139,.572,.502,.070
Rios, Yacksel,605441,2019,23,15,.353,.378,-.025,.824,.629,.195,.500,.475,.025
Avila, Pedro,658648,2019,23,15,.200,.178,.022,.200,.201,-.001,.243,.232,.011
Rogers, Tyler,643511,2019,23,19,.190,.180,.010,.286,.263,.023,.243,.233,.010
Fernandez, Jose Manuel,622774,2019,23,15,.375,.234,.141,.688,.408,.280,.480,.360,.120
Harvey, Hunter,640451,2019,23,9,.158,.196,-.038,.474,.280,.194,.328,.287,.041
Schultz, Jaime,621289,2019,22,16,.316,.258,.058,.579,.462,.117,.416,.359,.057
Kuhnel, Joel,669270,2019,22,14,.250,.179,.071,.450,.297,.153,.329,.251,.078
Murphy, John Ryan,571974,2019,22,19,.526,.417,.109,1.158,.881,.277,.693,.562,.131
White, Tyler,643603,2019,22,15,.438,.253,.185,1.375,.685,.690,.688,.438,.250
Wilkerson, Stevie,592859,2019,22,21,.273,.269,.004,.591,.481,.110,.357,.317,.040
Scott, Robby,582494,2019,21,11,.313,.247,.066,.438,.313,.125,.393,.327,.066
Walsh, Jared,665120,2019,20,11,.200,.186,.014,.200,.224,-.024,.304,.308,-.004
Moore, Andrew,621058,2019,20,17,.316,.274,.042,.737,.534,.203,.445,.357,.088
Venditte, Pat,519381,2019,19,12,.286,.213,.073,.500,.411,.089,.429,.380,.049
Farrell, Luke,608652,2019,19,12,.111,.188,-.077,.444,.466,-.022,.246,.294,-.048
Quinn, Roman,596451,2019,19,15,.438,.470,-.032,.500,.571,-.071,.437,.478,-.041
Carpenter, David,502304,2019,19,13,.267,.422,-.155,.400,.569,-.169,.367,.478,-.111
Barrett, Jake,545332,2019,19,13,.353,.258,.095,.824,.608,.216,.505,.395,.110
Shepherd, Chandler,605469,2019,19,14,.313,.356,-.043,.438,.518,-.080,.377,.424,-.047
Hunter, Tommy,488984,2019,18,13,.111,.188,-.077,.111,.219,-.108,.097,.177,-.080
Manaea, Sean,640455,2019,18,10,.067,.206,-.139,.067,.395,-.328,.164,.324,-.160
Brosseau, Michael,670712,2019,18,17,.294,.286,.008,.588,.366,.222,.385,.304,.081
Blackburn, Paul,621112,2019,18,10,.385,.441,-.056,.615,.728,-.113,.460,.521,-.061
Ortiz, Luis,656814,2019,18,10,.308,.280,.028,.846,.742,.104,.530,.497,.033
Zeuch, T.J.,643615,2019,17,11,.200,.275,-.075,.267,.390,-.123,.257,.335,-.078
Sborz, Josh,622250,2019,17,14,.400,.420,-.020,.800,.622,.178,.519,.478,.041
Payamps, Joel,606303,2019,17,11,.308,.345,-.037,.308,.657,-.349,.348,.472,-.124
Underwood Jr., Duane,621249,2019,17,10,.235,.224,.011,.471,.356,.115,.288,.247,.041
Yardley, Eric,642233,2019,17,14,.400,.335,.065,.600,.508,.092,.441,.382,.059
Salazar, Danny,517593,2019,17,12,.286,.338,-.052,.786,.793,-.007,.480,.513,-.033
Vizcaino, Arodys,527055,2019,17,8,.214,.260,-.046,.571,.562,.009,.384,.408,-.024
Selman, Sam,572125,2019,17,11,.267,.267,.000,.667,.535,.132,.419,.379,.040
Gordon, Alex,460086,2019,17,15,.571,.332,.239,.786,.547,.239,.559,.424,.135
Reyes, Alex,621052,2019,17,10,.200,.295,-.095,.500,.495,.005,.412,.455,-.043
Arano, Victor,644364,2019,16,7,.154,.213,-.059,.385,.397,-.012,.266,.300,-.034
Ynoa, Huascar,660623,2019,16,12,.400,.296,.104,.733,.547,.186,.486,.374,.112
Gilmartin, Sean,543219,2019,16,13,.500,.348,.152,1.000,.741,.259,.631,.489,.142
Milner, Hoby,571948,2019,16,12,.267,.232,.035,.467,.288,.179,.329,.256,.073
Herget, Jimmy,623474,2019,16,15,.400,.391,.009,.800,.607,.193,.511,.446,.065
De Leon, Jose,592254,2019,16,8,.167,.186,-.019,.167,.255,-.088,.257,.290,-.033
Ramirez, Erasmo,541640,2019,15,12,.333,.358,-.025,.917,.833,.084,.536,.528,.008
Salas, Fernando,477569,2019,15,12,.533,.306,.227,.800,.423,.377,.565,.314,.251
Garton, Ryan,623439,2019,14,12,.308,.348,-.040,.846,.945,-.099,.485,.546,-.061
Frare, Caleb,621350,2019,14,7,.200,.209,-.009,.500,.551,-.051,.402,.423,-.021
Loup, Aaron,571901,2019,14,7,.182,.155,.027,.273,.201,.072,.251,.225,.026
Mantiply, Joe,573009,2019,14,10,.250,.218,.032,.667,.461,.206,.415,.344,.071
Pinto, Ricardo,620982,2019,13,11,.364,.351,.013,.727,.608,.119,.489,.446,.043
Cedeno, Xavier,458584,2019,13,9,.400,.260,.140,.600,.392,.208,.467,.346,.121
Martin, Russell,431145,2019,13,11,.154,.179,-.025,.231,.250,-.019,.162,.186,-.024
Curtiss, John,595928,2019,12,8,.222,.177,.045,.333,.446,-.113,.348,.368,-.020
Diehl, Phillip,670426,2019,12,7,.400,.389,.011,.800,.711,.089,.532,.510,.022
Slegers, Aaron,642083,2019,12,11,.273,.349,-.076,.545,.639,-.094,.372,.441,-.069
Ford, Mike,645801,2019,12,11,.500,.402,.098,1.083,.686,.397,.654,.463,.191
Owings, Chris,572008,2019,12,11,.545,.455,.090,1.182,.950,.232,.711,.596,.115
Puk, A.J.,640462,2019,11,6,.250,.179,.071,.250,.226,.024,.347,.313,.034
Freeman, Sam,518693,2019,11,9,.333,.459,-.126,.667,.831,-.164,.466,.572,-.106
Perez, Hernan,541650,2019,11,8,.222,.281,-.059,.556,.522,.034,.386,.399,-.013
Murphy, Tom,608596,2019,11,8,.125,.251,-.126,.250,.399,-.149,.175,.318,-.143
Middleton, Keynan,641871,2019,11,6,.125,.239,-.114,.125,.401,-.276,.268,.384,-.116
Culberson, Charlie,518586,2019,10,7,.250,.300,-.050,.375,.571,-.196,.349,.429,-.080
Suter, Brent,608718,2019,10,8,.300,.288,.012,.800,.578,.222,.446,.365,.081
Moore, Dylan,664238,2019,10,8,.625,.456,.169,.625,.608,.017,.576,.504,.072
Shreve, Chasen,592741,2019,10,6,.250,.318,-.068,.500,.491,.009,.388,.420,-.032
Lail, Brady,621078,2019,10,7,.222,.303,-.081,.556,.503,.053,.356,.380,-.024
Rumbelow, Nick,592705,2019,9,6,.375,.452,-.077,1.125,1.150,-.025,.617,.668,-.051
Caratini, Victor,605170,2019,9,8,.250,.318,-.068,.625,.498,.127,.395,.384,.011
Dixon, Brandon,641525,2019,9,6,.143,.299,-.156,.571,.714,-.143,.381,.486,-.105
Rusin, Chris,543734,2019,9,8,.714,.556,.158,1.429,1.279,.150,.767,.669,.098
Mathis, Jeff,425772,2019,9,8,.333,.325,.008,.667,.596,.071,.416,.393,.023
Osuna, Jose,591741,2019,9,9,.333,.330,.003,.667,.656,.011,.416,.416,.000
De Jong, Chase,608328,2019,9,6,.500,.441,.059,1.000,.877,.123,.646,.603,.043
Freeman, Mike,502273,2019,8,8,.250,.207,.043,.750,.448,.302,.404,.275,.129
Adrianza, Ehire,501303,2019,8,7,.625,.493,.132,1.125,.952,.173,.722,.608,.114
France, Ty,664034,2019,8,8,.250,.278,-.028,.625,.756,-.131,.359,.429,-.070
Hearn, Taylor,621368,2019,8,4,.750,.392,.358,1.000,.602,.398,.718,.557,.161
Graterol, Brusdar,660813,2019,8,6,.286,.327,-.041,.286,.364,-.078,.305,.353,-.048
Arteaga, Humberto,600858,2019,8,7,.286,.372,-.086,.714,.986,-.272,.445,.579,-.134
Urena, Richard,620446,2019,8,7,.571,.337,.234,1.143,.478,.665,.709,.393,.316
Maile, Luke,571912,2019,8,4,.143,.065,.078,.143,.098,.045,.199,.152,.047
Avila, Alex,488671,2019,8,6,.286,.150,.136,.286,.267,.019,.305,.245,.060
Williams, Austen,657117,2019,7,5,.833,.412,.421,2.167,1.043,1.124,1.146,.619,.527
Rosa, Adonis,650738,2019,7,5,.143,.210,-.067,.571,.575,-.004,.285,.331,-.046
Reynolds, Mark,448602,2019,7,5,.400,.124,.276,.400,.125,.275,.451,.286,.165
Romine, Austin,519222,2019,7,7,.571,.419,.152,1.571,.916,.655,.871,.558,.313
Guerra, Javy,642770,2019,7,6,.714,.473,.241,2.143,1.667,.476,1.156,.876,.280
Alberto, Hanser,593643,2019,7,4,.250,.290,-.040,1.000,.973,.027,.585,.594,-.009
Morales, Kendrys,434778,2019,7,4,.333,.420,-.087,.333,.465,-.132,.425,.466,-.041
Diaz, Yennsy,660546,2019,7,3,.333,.239,.094,.333,.296,.037,.519,.496,.023
Hoyt, James,624586,2019,7,4,.143,.252,-.109,.429,.506,-.077,.223,.316,-.093
Bednar, David,670280,2019,6,4,.200,.159,.041,.200,.213,-.013,.261,.250,.011
Pazos, James,572021,2019,6,3,.250,.134,.116,.250,.150,.100,.313,.247,.066
Bourque, James,630263,2019,6,4,.750,.443,.307,1.250,.799,.451,.788,.569,.219
Plawecki, Kevin,608700,2019,6,6,.000,.276,-.276,.000,.298,-.298,.000,.241,-.241
O'Rourke, Ryan,594951,2019,6,2,.000,.059,-.059,.000,.086,-.086,.345,.377,-.032
Davis, Taylor,543089,2019,6,6,.500,.497,.003,.500,.550,-.050,.438,.459,-.021
Lively, Ben,594902,2019,6,5,.500,.466,.034,1.000,1.079,-.079,.624,.645,-.021
Kelley, Trevor,665001,2019,6,4,.500,.244,.256,.750,.404,.346,.467,.384,.083
Kinsler, Ian,435079,2019,6,3,.333,.708,-.375,.333,.779,-.446,.496,.677,-.181
Federowicz, Tim,543148,2019,6,6,.500,.460,.040,1.000,1.142,-.142,.624,.667,-.043
Guerra, Deolis,500610,2019,6,6,.800,.554,.246,1.400,.733,.667,.770,.487,.283
Barnette, Tony,501817,2019,5,5,.400,.246,.154,1.000,.532,.468,.574,.322,.252
Farmer, Kyle,571657,2019,5,5,.200,.283,-.083,.200,.341,-.141,.175,.271,-.096
Davis, Chris,448801,2019,5,4,.400,.440,-.040,1.200,1.126,.074,.646,.652,-.006
Altherr, Aaron,571437,2019,5,3,.400,.296,.104,.600,.400,.200,.422,.297,.125
Parra, Gerardo,467827,2019,5,1,1.000,.545,.455,1.000,.589,.411,.727,.651,.076
Shuck, JB,543776,2019,5,4,.250,.160,.090,.250,.502,-.252,.313,.354,-.041
Rondon, Jose,602922,2019,5,5,.400,.553,-.153,.400,.581,-.181,.350,.511,-.161
Dozier, Brian,572821,2019,5,5,.400,.191,.209,1.200,.609,.591,.646,.328,.318
Descalso, Daniel,518614,2019,5,5,.400,.386,.014,1.200,.946,.254,.646,.552,.094
Martini, Nick,605361,2019,5,2,.000,.064,-.064,.000,.095,-.095,.276,.317,-.041
Baez, Sandy,622783,2019,5,5,.400,.167,.233,.600,.228,.372,.422,.167,.255
Ellis, Chris,595939,2019,5,4,.250,.388,-.138,.250,.427,-.177,.313,.425,-.112
Peraza, Jose,606299,2019,4,4,.250,.291,-.041,.250,.432,-.182,.219,.309,-.090
Araujo, Pedro,606478,2019,4,3,.667,.541,.126,1.667,1.260,.407,.890,.737,.153
Rodriguez, Sean,446481,2019,4,3,.000,.143,-.143,.000,.195,-.195,.000,.158,-.158
Nunez, Eduardo,456488,2019,4,4,.250,.304,-.054,1.000,.663,.337,.498,.403,.095
Desmond, Ian,435622,2019,4,4,.250,.291,-.041,.500,.344,.156,.309,.266,.043
Castillo, Jose,620454,2019,4,0,.000,,,.000,,,.353,.353,.000
Joseph, Caleb,543376,2019,4,4,.000,.205,-.205,.000,.214,-.214,.000,.177,-.177
Norwood, James,656803,2019,4,2,.000,.197,-.197,.000,.733,-.733,.173,.456,-.283
Sucre, Jesus,491696,2019,3,3,.000,.104,-.104,.000,.115,-.115,.000,.097,-.097
Ramsey, Matt,543677,2019,3,2,.000,.009,-.009,.000,.011,-.011,.000,.008,-.008
Vasquez, Andrew,607755,2019,3,0,,,,,,,.700,.700,.000
Sandoval, Pablo,467055,2019,3,2,.000,.201,-.201,.000,.232,-.232,.240,.358,-.118
Reed, AJ,607223,2019,3,3,.000,.100,-.100,.000,.178,-.178,.000,.111,-.111
Stallings, Jacob,607732,2019,3,3,.000,.089,-.089,.000,.096,-.096,.000,.077,-.077
Robertson, Daniel,621002,2019,3,3,.333,.421,-.088,.333,.486,-.153,.292,.391,-.099
Garcia, Bryan,650530,2019,3,3,.000,.103,-.103,.000,.112,-.112,.000,.079,-.079
Abreu, Bryan,650556,2019,3,3,.000,.054,-.054,.000,.059,-.059,.000,.057,-.057
Gyorko, Jedd,576397,2019,1,0,.000,,,.000,,,.000,.000,.000
Holaday, Bryan,592407,2019,1,1,.000,.121,-.121,.000,.121,-.121,.000,.105,-.105
Stassi, Max,545358,2019,1,1,.000,.322,-.322,.000,.343,-.343,.000,.353,-.353