Player,Team,Pos,G,AB,R,H,2B,3B,HR,RBI,SB,CS,BB,SO,SH,SF,HBP,AVG,OBP,SLG,OPS
Whit Merrifield,KC,2B,125,523,83,157,33,9,14,63,16,8,40,93,0,2,4,.300,.353,.478,.831
Ronald Acuna,ATL,OF,125,510,104,151,16,1,35,85,29,7,57,142,0,0,8,.296,.376,.537,.913
Marcus Semien,OAK,SS,125,506,90,137,31,5,21,58,7,7,67,83,0,1,1,.271,.357,.476,.833
Rafael Devers,BOS,3B,123,503,103,167,46,3,27,101,8,8,38,88,1,2,2,.332,.380,.596,.976
Ozzie Albies,ATL,2B,125,500,78,148,33,7,18,68,11,3,41,87,0,2,3,.296,.352,.498,.850
Jorge Polanco,MIN,SS,118,495,76,146,32,6,17,62,4,3,48,86,1,5,3,.295,.358,.487,.845
Mookie Betts,BOS,OF,125,492,115,140,35,5,21,65,12,3,88,87,0,7,2,.285,.390,.504,.894
Jose Abreu,CWS,1B,122,491,61,134,27,0,26,89,2,2,26,118,0,6,6,.273,.314,.487,.801
Starlin Castro,MIA,2B,123,488,41,127,19,3,11,58,2,1,18,85,0,7,1,.260,.284,.379,.663
Javier Baez,CHC,SS,121,488,83,139,34,4,28,81,10,6,23,141,0,2,0,.285,.316,.543,.859
Eduardo Escobar,ARI,SS,122,487,76,133,23,9,28,98,5,1,41,103,0,10,3,.273,.327,.530,.857
Xander Bogaerts,BOS,SS,122,486,95,150,42,0,27,94,4,1,61,100,0,4,1,.309,.384,.562,.946
Jonathan Villar,BAL,2B,124,482,82,132,28,4,15,54,28,7,50,132,2,2,3,.274,.345,.442,.787
Freddie Freeman,ATL,1B,125,482,96,146,28,2,31,98,5,3,71,102,0,1,4,.303,.396,.562,.958
Eric Hosmer,SD,1B,122,480,63,139,24,1,18,82,0,2,33,106,0,4,2,.290,.335,.456,.791
Ketel Marte,ARI,2B,118,475,82,152,27,8,25,71,8,2,44,72,0,2,4,.320,.381,.568,.949
Starling Marte,PIT,OF,112,469,84,137,26,5,21,70,22,4,19,80,2,4,13,.292,.335,.503,.838
Amed Rosario,NYM,SS,120,467,60,136,25,7,12,53,15,7,26,100,2,3,2,.291,.329,.452,.781
Manny Machado,SD,SS,120,466,67,123,17,1,26,70,4,2,46,104,0,3,4,.264,.333,.472,.805
Nolan Arenado,COL,3B,122,464,80,140,24,2,30,94,2,2,45,70,0,7,3,.302,.362,.556,.918
Cesar Hernandez,PHI,2B,123,462,54,130,23,3,8,53,7,2,29,71,0,4,6,.281,.329,.396,.725
Trey Mancini,BAL,1B,118,462,82,128,28,2,29,73,1,0,46,109,0,3,4,.277,.346,.535,.881
J.D. Martinez,BOS,OF,115,461,78,143,28,2,28,75,1,0,53,104,0,3,4,.310,.384,.562,.946
DJ LeMahieu,NYY,2B,112,460,87,156,27,2,21,86,4,2,36,69,1,4,2,.339,.386,.543,.929
Michael Brantley,HOU,OF,116,460,75,154,37,2,18,74,3,2,40,52,0,3,5,.335,.392,.541,.933
Yuli Gurriel,HOU,1B,115,460,69,140,33,2,25,86,4,3,27,51,0,6,2,.304,.341,.548,.889
Max Kepler,MIN,OF,115,459,84,117,27,0,33,81,1,5,53,84,0,4,5,.255,.336,.529,.865
Jose Ramirez,CLE,3B,121,459,65,116,32,2,20,74,24,4,50,71,0,6,2,.253,.325,.462,.787
Paul Goldschmidt,STL,1B,122,457,74,119,15,0,28,68,1,1,51,130,0,2,2,.260,.336,.477,.813
Elvis Andrus,TEX,SS,112,456,59,129,23,4,9,58,25,5,25,71,0,8,4,.283,.320,.410,.730
Matt Chapman,OAK,3B,121,455,81,119,31,3,29,70,0,1,54,107,0,3,6,.262,.346,.534,.880
Randal Grichuk,TOR,OF,118,454,59,109,20,3,23,58,2,1,32,132,0,1,4,.240,.295,.449,.744
Leury Garcia,CWS,OF,111,454,76,129,23,2,7,34,14,4,17,111,8,3,5,.284,.315,.390,.705
Andrew Benintendi,BOS,OF,111,454,62,130,37,5,12,63,9,2,50,119,2,3,5,.286,.361,.469,.830
Adam Eaton,WAS,OF,117,453,82,131,20,7,10,38,13,3,53,80,7,3,9,.289,.373,.430,.803
Bryce Harper,PHI,OF,123,453,75,115,30,0,26,90,7,3,84,145,0,2,4,.254,.374,.492,.866
Lorenzo Cain,MIL,OF,113,452,61,113,25,0,8,40,15,6,41,85,0,4,5,.250,.317,.358,.675
Kevin Pillar,SF,OF,120,451,65,121,31,2,17,67,10,5,14,68,0,4,7,.268,.298,.459,.757
Trevor Story,COL,SS,111,451,90,132,32,5,28,71,17,6,42,128,0,2,6,.293,.359,.572,.931
Charlie Blackmon,COL,OF,105,450,93,147,33,7,26,69,2,4,28,84,0,1,6,.327,.373,.604,.977
Freddy Galvis,TOR,SS,115,450,55,120,24,1,18,54,4,1,21,112,1,1,0,.267,.299,.444,.743
Jean Segura,PHI,SS,112,450,65,128,28,3,11,50,7,2,25,56,1,2,8,.284,.332,.433,.765
Mike Moustakas,MIL,3B,115,449,70,119,27,1,30,71,3,0,39,83,0,1,6,.265,.331,.530,.861
Brian Anderson,MIA,3B,122,448,55,116,32,1,20,65,5,1,42,111,0,3,13,.259,.338,.469,.807
Jorge Soler,KC,OF,125,448,69,116,25,0,35,88,1,1,56,135,0,3,9,.259,.351,.549,.900
Paul DeJong,STL,SS,120,448,77,110,27,1,21,56,6,5,44,106,0,3,9,.246,.323,.451,.774
Pete Alonso,NYM,1B,123,447,76,121,25,2,40,95,1,0,59,133,0,3,17,.271,.375,.604,.979
Eugenio Suarez,CIN,3B,122,445,67,115,18,1,34,77,3,2,50,139,0,6,8,.258,.340,.533,.873
Josh Bell,PIT,1B,119,443,84,124,36,3,31,98,0,1,60,106,0,6,3,.280,.365,.585,.950
Kris Bryant,CHC,3B,118,443,89,128,32,1,25,61,2,0,61,110,0,1,12,.289,.389,.535,.924
David Fletcher,LAA,2B,118,443,65,127,27,4,5,42,8,3,41,46,1,1,0,.287,.346,.400,.746
Francisco Lindor,CLE,SS,106,442,73,132,30,2,21,53,18,3,37,71,1,4,3,.299,.354,.518,.872
Alex Gordon,KC,OF,117,442,65,114,27,1,12,63,5,2,39,81,1,6,13,.258,.332,.405,.737
Domingo Santana,SEA,OF,115,441,63,113,20,1,21,69,8,3,49,159,0,2,2,.256,.332,.449,.781
Carlos Santana,CLE,1B,122,438,89,128,23,1,29,78,4,0,91,79,0,1,1,.292,.414,.548,.962
Cody Bellinger,LAD,1B,121,438,98,139,25,2,42,97,10,5,73,85,0,4,3,.317,.415,.671,1.086
Shin-Soo Choo,TEX,OF,117,437,75,119,27,2,20,47,9,1,57,123,0,1,14,.272,.373,.481,.854
Josh Donaldson,ATL,3B,122,434,73,116,28,0,29,73,3,2,75,124,0,1,7,.267,.383,.532,.915
Rhys Hoskins,PHI,OF,123,434,63,103,24,4,24,70,1,2,92,125,0,4,8,.237,.377,.477,.854
Renato Nunez,BAL,3B,118,432,62,105,21,0,27,72,0,1,35,115,0,2,7,.243,.309,.479,.788
Tommy Pham,TB,OF,111,432,56,116,22,2,18,53,13,3,66,96,0,1,4,.269,.370,.454,.824
Anthony Rizzo,CHC,1B,120,431,74,122,25,2,23,77,5,2,60,75,0,2,21,.283,.395,.510,.905
Kole Calhoun,LAA,OF,118,431,74,101,23,1,27,61,3,1,52,120,0,2,6,.234,.324,.480,.804
Nick Ahmed,ARI,SS,123,431,67,118,26,4,16,68,7,1,42,86,1,10,2,.274,.334,.464,.798
J.T. Realmuto,PHI,C,118,429,75,120,29,1,19,66,7,1,32,106,0,5,3,.280,.330,.485,.815
Eddie Rosario,MIN,OF,105,427,74,119,19,1,27,82,3,1,18,63,0,6,0,.279,.304,.518,.822
Alex Bregman,HOU,SS,119,426,93,120,26,2,30,83,4,1,92,65,0,7,6,.282,.411,.563,.974
Gleyber Torres,NYY,SS,114,426,80,120,20,0,29,73,4,2,43,97,1,4,2,.282,.347,.533,.880
Joey Votto,CIN,1B,113,424,60,111,25,1,12,39,4,0,57,100,0,2,3,.262,.352,.410,.762
Christian Yelich,MIL,OF,110,421,87,141,24,3,41,89,24,2,61,100,0,3,6,.335,.424,.698,1.122
Adam Frazier,PIT,2B,114,420,57,111,25,4,6,32,3,4,32,55,2,1,7,.264,.326,.386,.712
Max Muncy,LAD,1B,120,419,82,108,18,1,31,85,3,1,72,119,0,4,4,.258,.369,.527,.896
Niko Goodrum,DET,2B,110,418,60,104,27,5,11,44,12,3,45,136,0,2,1,.249,.322,.416,.738
Willy Adames,TB,SS,117,416,53,102,19,1,15,37,4,1,36,121,3,0,3,.245,.310,.404,.714
Anthony Rendon,WAS,3B,109,415,88,132,32,3,27,97,2,1,47,67,0,6,11,.318,.397,.605,1.002
Michael Conforto,NYM,OF,114,414,67,107,20,0,26,73,6,1,64,108,0,5,10,.258,.367,.495,.862
Mike Trout,LAA,OF,118,413,99,123,27,1,41,96,10,2,98,104,0,4,14,.298,.444,.666,1.110
Justin Turner,LAD,3B,116,413,73,123,22,0,22,57,2,0,45,77,0,4,12,.298,.380,.511,.891
Juan Soto,WAS,OF,112,412,75,118,18,4,28,83,12,1,77,98,0,4,2,.286,.398,.553,.951
Adam Jones,ARI,OF,113,410,60,111,23,1,14,56,2,1,23,81,0,3,7,.271,.318,.434,.752
Brandon Belt,SF,1B,120,409,62,94,20,2,14,48,3,3,70,99,0,3,3,.230,.344,.391,.735
Christian Walker,ARI,1B,117,409,65,106,21,1,22,56,7,1,51,123,0,1,5,.259,.348,.477,.825
Victor Robles,WAS,OF,118,409,68,103,23,3,16,53,19,7,26,111,6,4,19,.252,.323,.440,.763
Mallex Smith,SEA,OF,103,408,55,97,18,7,5,31,34,8,32,116,1,1,8,.238,.305,.353,.658
Jason Heyward,CHC,OF,115,406,59,109,15,4,18,49,7,2,49,88,0,2,3,.268,.350,.458,.808
Nomar Mazara,TEX,OF,108,405,65,109,27,1,17,62,4,1,26,100,0,5,6,.269,.319,.467,.786
Josh Reddick,HOU,OF,111,404,45,107,14,2,10,37,4,2,27,50,0,8,0,.265,.305,.384,.689
Nicholas Castellanos,DET,OF,100,403,57,110,37,3,11,37,2,1,31,96,0,2,3,.273,.328,.462,.790
Kyle Schwarber,CHC,OF,118,400,60,91,17,1,28,64,1,3,55,118,0,5,3,.228,.322,.485,.807
Miguel Cabrera,DET,1B,109,400,32,111,18,0,9,48,0,0,36,90,0,4,3,.278,.339,.390,.729
Avisail Garcia,TB,OF,101,399,49,111,19,1,17,57,9,3,28,103,0,2,7,.278,.335,.459,.794
Brandon Crawford,SF,SS,114,397,46,89,20,1,9,49,3,2,39,99,0,3,3,.224,.296,.348,.644
Jeff McNeil,NYM,2B,105,397,67,132,31,1,15,55,4,5,28,62,0,0,17,.332,.400,.529,.929
Jackie Bradley Jr.,BOS,OF,114,394,53,87,21,3,14,47,7,2,44,116,3,2,11,.221,.315,.396,.711
Rougned Odor,TEX,2B,108,392,57,80,22,1,21,66,8,8,38,137,1,1,3,.204,.279,.426,.705
Austin Meadows,TB,OF,102,389,51,107,18,7,20,58,9,5,38,106,0,0,5,.275,.347,.512,.859
Orlando Arcia,MIL,SS,117,388,47,89,11,1,14,44,7,4,37,87,1,3,0,.229,.294,.371,.665
Yasmani Grandal,MIL,C,116,388,55,99,19,2,20,61,5,1,73,98,0,5,5,.255,.376,.469,.845
Jose Iglesias,CIN,SS,112,386,51,114,18,3,8,47,5,5,15,54,0,2,2,.295,.323,.420,.743
Hanser Alberto,BAL,3B,105,385,39,123,17,2,7,37,4,2,11,39,2,3,3,.319,.341,.429,.770
Dansby Swanson,ATL,SS,100,385,64,102,21,3,17,57,7,4,36,88,1,5,4,.265,.330,.468,.798
Jason Kipnis,CLE,2B,101,384,41,97,21,1,12,56,6,1,36,73,5,6,1,.253,.314,.406,.720
Miguel Rojas,MIA,SS,108,380,44,110,22,1,4,33,6,5,30,52,0,5,4,.289,.344,.384,.728
Hunter Dozier,KC,3B,102,380,60,110,23,7,22,67,2,1,46,100,0,4,3,.289,.367,.561,.928
Ramon Laureano,OAK,OF,107,380,67,108,26,0,21,58,12,2,22,113,0,7,10,.284,.334,.518,.852
Marwin Gonzalez,MIN,SS,102,378,46,102,18,0,14,47,1,0,29,85,0,1,6,.270,.331,.429,.760
Christian Vazquez,BOS,C,107,376,53,105,19,1,18,53,2,2,23,82,2,3,0,.279,.318,.479,.797
Kolten Wong,STL,2B,120,376,44,104,20,1,9,44,16,2,40,63,3,4,11,.277,.360,.407,.767
Khris Davis,OAK,DH,103,374,48,83,8,0,17,53,0,0,35,107,0,1,3,.222,.293,.380,.673
David Dahl,COL,OF,100,374,67,113,28,5,15,61,4,4,28,110,2,5,4,.302,.353,.524,.877
Daniel Vogelbach,SEA,1B,114,374,64,84,16,0,27,68,0,0,74,114,0,2,2,.225,.354,.484,.838
Yasiel Puig,CIN,OF,100,373,51,94,15,1,22,61,14,5,23,89,0,3,5,.252,.302,.475,.777
Ryan Braun,MIL,OF,114,373,55,106,23,2,18,55,9,1,26,86,0,1,6,.284,.340,.501,.841
Yolmer Sanchez,CWS,2B,113,372,43,93,13,4,2,29,5,4,30,91,5,1,4,.250,.312,.323,.635
Hunter Renfroe,SD,OF,112,372,58,88,18,1,31,61,4,0,36,119,0,5,1,.237,.302,.540,.842
Yoan Moncada,CWS,2B,97,372,58,112,21,3,20,59,7,3,31,113,1,2,3,.301,.358,.535,.893
Brett Gardner,NYY,OF,109,370,67,94,22,6,17,50,9,2,43,69,0,2,3,.254,.335,.484,.819
George Springer,HOU,OF,91,369,72,108,17,3,26,67,5,1,47,84,0,4,4,.293,.375,.566,.941
C.J. Cron,MIN,1B,97,369,41,95,20,0,20,63,0,0,25,81,0,2,9,.257,.319,.474,.793
David Peralta,ARI,OF,95,367,46,100,27,2,12,55,0,0,34,85,0,1,5,.272,.342,.455,.797
Nick Markakis,ATL,OF,104,366,57,104,22,2,9,55,2,0,43,53,0,5,2,.284,.358,.429,.787
Kevin Kiermaier,TB,OF,102,366,49,89,16,7,12,46,18,4,21,81,1,1,1,.243,.285,.423,.708
Wilson Ramos,NYM,C,109,365,42,102,10,0,13,61,0,0,38,53,0,2,1,.279,.347,.414,.761
Albert Pujols,LAA,1B,98,364,42,88,14,0,18,70,0,0,29,53,0,7,3,.242,.298,.429,.727
Brian Dozier,WAS,2B,115,364,49,86,19,0,19,45,3,3,52,95,0,1,4,.236,.337,.445,.782
Jurickson Profar,OAK,SS,107,363,45,74,17,1,15,51,7,0,27,61,0,2,6,.204,.269,.380,.649
Jose Altuve,HOU,2B,89,361,65,107,19,1,22,54,5,3,32,57,0,2,3,.296,.357,.537,.894
Corey Seager,LAD,SS,100,360,62,95,32,0,12,53,1,0,39,74,0,3,4,.264,.340,.453,.793
Joc Pederson,LAD,OF,114,357,60,84,10,3,24,53,1,0,39,87,0,1,10,.235,.327,.482,.809
Trea Turner,WAS,SS,84,356,64,104,24,4,12,38,26,4,33,85,0,1,3,.292,.356,.483,.839
Colin Moran,PIT,3B,117,354,37,100,21,1,11,64,0,0,24,90,0,3,2,.282,.329,.441,.770
Ryan McMahon,COL,1B,105,354,56,95,19,1,17,63,5,0,43,114,0,1,0,.268,.347,.472,.819
Ian Desmond,COL,OF,109,354,53,92,27,3,14,56,3,3,29,97,1,2,2,.260,.318,.472,.790
Danny Santana,TEX,OF,96,351,63,107,20,6,21,58,13,6,14,106,0,4,3,.305,.333,.575,.908
Tim Anderson,CWS,SS,89,351,54,116,21,0,12,42,16,4,10,73,0,1,3,.330,.353,.493,.846
Raimel Tapia,COL,OF,112,351,46,101,22,5,8,37,5,3,20,80,0,0,0,.288,.326,.447,.773
Bryan Reynolds,PIT,OF,100,350,65,114,25,2,13,49,1,2,38,88,0,2,6,.326,.399,.520,.919
Kevin Newman,PIT,SS,94,349,34,106,14,3,7,42,10,6,21,47,2,1,3,.304,.348,.421,.769
Luke Voit,NYY,1B,94,349,60,97,16,1,19,54,0,0,58,114,0,1,8,.278,.392,.493,.885
Dexter Fowler,STL,OF,112,349,46,87,18,1,14,44,7,2,45,100,1,3,8,.249,.346,.427,.773
Todd Frazier,NYM,3B,100,349,45,81,13,2,16,50,1,2,28,87,0,0,8,.232,.304,.418,.722
Jonathan Schoop,MIN,2B,95,348,51,88,20,0,17,46,1,1,15,95,0,1,9,.253,.300,.457,.757
Gio Urshela,NYY,3B,105,348,63,117,29,0,18,66,1,1,21,62,0,4,4,.336,.377,.575,.952
Michael Chavis,BOS,3B,95,347,46,88,10,1,18,58,2,1,31,127,0,0,4,.254,.322,.444,.766
Vladimir Guerrero Jr.,TOR,3B,93,347,46,95,22,1,14,54,0,1,37,66,0,1,1,.274,.345,.464,.809
Justin Smoak,TOR,1B,101,344,48,73,12,0,19,52,0,0,70,86,0,1,5,.212,.352,.413,.765
James McCann,CWS,C,93,344,52,101,21,1,14,49,4,1,23,105,1,0,5,.294,.347,.483,.830
Joe Panik,SF,2B,103,344,33,81,17,1,3,27,4,2,36,38,1,4,3,.235,.310,.317,.627
Jake Bauers,CLE,1B,100,343,42,80,15,1,11,39,2,3,35,102,0,2,3,.233,.308,.379,.687
Alex Verdugo,LAD,OF,106,343,43,101,22,2,12,44,4,1,26,49,0,6,2,.294,.342,.475,.817
Stephen Piscotty,OAK,OF,88,341,44,84,16,1,12,41,2,0,29,83,1,3,3,.246,.309,.405,.714
Marcell Ozuna,STL,OF,92,340,59,88,18,0,22,67,12,1,40,79,0,1,1,.259,.338,.506,.844
Matt Olson,OAK,1B,91,340,46,89,17,0,25,60,0,0,35,95,0,1,9,.262,.345,.532,.877
Brandon Drury,TOR,3B,97,340,37,78,18,1,14,39,0,0,19,92,0,3,1,.229,.270,.412,.682
Daniel Murphy,COL,2B,97,339,43,95,25,1,11,65,1,1,24,58,0,4,1,.280,.326,.457,.783
Omar Narvaez,SEA,C,102,338,53,97,9,0,17,43,0,0,37,72,0,2,3,.287,.361,.464,.825
Jesse Winker,CIN,OF,113,338,51,91,17,2,16,38,0,2,38,60,0,0,8,.269,.357,.473,.830
Robbie Grossman,OAK,OF,106,336,45,84,19,1,6,34,8,4,50,66,0,2,1,.250,.347,.366,.713
Scott Kingery,PHI,SS,91,336,49,90,28,2,14,36,10,2,25,105,0,1,5,.268,.327,.488,.815
Wil Myers,SD,3B,119,335,49,76,16,0,14,39,10,6,42,134,1,0,2,.227,.317,.400,.717
Adalberto Mondesi,KC,SS,82,335,48,89,17,9,7,52,31,4,16,101,3,6,0,.266,.294,.433,.727
Fernando Tatis Jr.,SD,SS,84,334,61,106,13,6,22,53,16,6,30,110,0,3,5,.317,.379,.590,.969
Maikel Franco,PHI,3B,102,333,41,77,13,0,15,47,0,0,32,49,0,3,0,.231,.296,.405,.701
Matt Carpenter,STL,1B,94,333,46,71,14,2,11,33,6,1,50,101,1,4,5,.213,.321,.366,.687
Eloy Jimenez,CWS,OF,88,329,47,80,10,1,22,51,0,0,23,97,0,2,2,.243,.295,.480,.775
Nick Senzel,CIN,2B,86,328,49,88,20,4,10,38,10,4,26,84,0,1,2,.268,.325,.445,.770
Evan Longoria,SF,3B,95,328,45,83,16,2,15,49,2,1,29,76,0,2,3,.253,.318,.451,.769
Robinson Cano,NYM,2B,86,325,37,82,23,0,10,32,0,0,17,58,0,1,3,.252,.295,.415,.710
Gary Sanchez,NYY,C,85,325,47,76,10,1,27,65,0,0,29,98,0,1,6,.234,.307,.520,.827
Jorge Alfaro,MIA,C,97,325,30,84,10,1,11,40,2,3,12,119,0,2,7,.258,.298,.397,.695
Nelson Cruz,MIN,DH,87,323,59,95,19,0,32,76,0,1,41,101,0,1,7,.294,.384,.650,1.034
Asdrubal Cabrera,TEX,2B,93,323,45,76,15,0,12,51,4,0,38,85,0,4,3,.235,.318,.393,.711
Albert Almora Jr.,CHC,OF,114,321,39,78,11,1,12,32,2,1,14,58,5,2,1,.243,.275,.396,.671
Franmil Reyes,SD,OF,99,321,43,82,9,0,27,46,0,0,29,93,0,4,0,.255,.314,.536,.850
Jarrod Dyson,ARI,OF,100,320,54,83,9,2,7,24,26,3,36,67,0,1,1,.259,.335,.366,.701
Buster Posey,SF,C,92,319,37,82,24,0,6,34,0,0,29,54,0,1,4,.257,.326,.389,.715
Enrique Hernandez,LAD,2B,98,319,43,76,12,1,16,52,2,0,29,77,0,3,5,.238,.309,.433,.742
Teoscar Hernandez,TOR,OF,95,317,46,71,13,1,19,47,4,2,33,110,0,1,1,.224,.298,.451,.749
Shohei Ohtani,LAA,DH,87,314,43,94,15,3,16,52,10,3,29,84,0,4,2,.299,.358,.519,.877
Melky Cabrera,PIT,OF,106,314,36,88,19,1,6,39,2,0,13,36,1,0,1,.280,.311,.404,.715
Jose Martinez,STL,1B,110,312,42,83,12,0,10,40,2,0,33,73,0,2,1,.266,.336,.401,.737
Ji-Man Choi,TB,1B,95,312,37,81,14,1,11,43,2,3,44,75,0,4,4,.260,.354,.417,.771
Dwight Smith,BAL,OF,84,311,41,74,15,2,12,48,5,1,23,68,0,4,3,.238,.293,.415,.708
Garrett Cooper,MIA,1B,85,305,47,88,12,1,12,42,0,0,29,93,0,2,5,.289,.358,.452,.810
Oscar Mercado,CLE,OF,79,305,52,87,18,2,10,35,11,3,19,59,5,2,4,.285,.333,.456,.789
Brandon Dixon,DET,1B,91,304,33,78,14,3,14,43,5,1,16,103,0,2,3,.257,.298,.461,.759
Yandy Diaz,TB,3B,78,304,53,82,20,1,14,38,2,2,35,60,0,4,1,.270,.343,.480,.823
Jose Peraza,CIN,SS,114,304,31,72,12,2,6,33,5,5,13,51,0,2,8,.237,.284,.349,.633
Tim Beckham,SEA,SS,88,304,39,72,21,1,15,47,1,3,21,102,0,0,3,.237,.293,.461,.754
Roberto Perez,CLE,C,92,303,38,69,7,1,20,48,0,0,37,100,5,4,2,.228,.312,.455,.767
Robinson Chirinos,HOU,C,93,298,45,68,15,0,13,43,0,2,42,107,2,4,11,.228,.341,.409,.750
JaCoby Jones,DET,OF,88,298,39,70,19,3,11,26,7,2,27,94,1,1,6,.235,.310,.430,.740
J.D. Davis,NYM,3B,107,298,44,93,16,1,14,41,2,0,29,67,0,2,2,.312,.375,.513,.888
Danny Jansen,TOR,C,93,298,34,64,12,1,12,42,0,0,25,69,1,1,4,.215,.284,.383,.667
Manuel Margot,SD,OF,114,298,52,73,17,1,10,28,17,1,33,63,2,0,1,.245,.322,.409,.731
Brian Goodwin,LAA,OF,101,295,48,83,23,2,11,34,3,2,25,85,1,3,2,.281,.338,.485,.823
Willson Contreras,CHC,C,87,295,45,81,15,1,19,57,1,2,34,85,0,2,9,.275,.365,.525,.890
Nicky Lopez,KC,2B,78,295,32,66,15,1,1,19,1,1,15,41,4,0,1,.224,.264,.292,.556
Lourdes Gurriel,TOR,2B,79,294,50,82,18,2,19,47,6,4,20,79,1,2,4,.279,.331,.548,.879
Harold Ramirez,MIA,OF,82,294,38,79,15,1,7,38,2,0,12,62,0,1,4,.269,.305,.398,.703
Dee Gordon,SEA,2B,85,292,29,81,9,4,3,27,17,4,13,46,3,5,1,.277,.305,.366,.671
Luis Rengifo,LAA,2B,86,290,39,71,16,3,4,27,1,4,32,74,1,3,5,.245,.327,.362,.689
Eric Thames,MIL,1B,113,289,49,73,17,1,17,48,3,1,41,104,0,2,6,.253,.355,.495,.850
Andrelton Simmons,LAA,SS,74,288,37,79,16,0,5,28,9,1,16,28,0,0,1,.274,.315,.382,.697
Eric Sogard,TOR,2B,73,287,45,86,17,2,10,30,6,0,29,47,3,3,1,.300,.363,.477,.840
Tony Wolters,COL,C,92,285,36,80,15,2,1,30,0,1,25,49,2,5,5,.281,.344,.358,.702
Christin Stewart,DET,OF,81,285,27,68,21,1,7,33,0,1,31,78,0,5,6,.239,.321,.393,.714
Tommy La Stella,LAA,3B,78,283,49,85,7,0,16,44,0,0,20,27,0,0,3,.300,.353,.495,.848
Mark Canha,OAK,OF,90,283,52,74,11,2,18,39,2,2,46,77,0,2,10,.261,.381,.505,.886
Yadier Molina,STL,C,76,282,27,70,16,0,4,37,4,0,9,39,0,4,2,.248,.273,.348,.621
Curtis Granderson,MIA,OF,106,279,41,52,17,1,11,32,0,3,34,85,0,2,3,.186,.280,.373,.653
Brandon Lowe,TB,2B,76,279,40,77,17,2,16,49,5,0,22,104,0,1,5,.276,.339,.523,.862
Billy Hamilton,KC,OF,93,275,32,58,12,2,0,12,18,5,25,74,3,2,0,.211,.275,.269,.544
Rio Ruiz,BAL,3B,95,275,25,67,9,1,7,33,0,1,28,71,1,2,0,.244,.311,.360,.671
Rowdy Tellez,TOR,1B,81,273,34,62,13,0,14,40,1,1,18,83,0,2,4,.227,.283,.429,.712
Jeimer Candelario,DET,3B,73,273,27,54,12,1,7,24,3,1,31,82,0,0,4,.198,.289,.326,.615
Byron Buxton,MIN,OF,82,271,48,71,30,4,10,46,14,3,19,68,2,1,2,.262,.314,.513,.827
Pablo Sandoval,SF,3B,107,271,42,73,23,0,14,41,1,0,18,67,2,3,1,.269,.314,.509,.823
Hunter Pence,TEX,OF,78,269,52,79,17,1,18,55,5,1,24,60,0,2,2,.294,.354,.565,.919
Carlos Correa,HOU,SS,71,269,39,75,16,1,19,56,1,0,34,69,0,4,2,.279,.359,.558,.917
David Bote,CHC,2B,106,268,38,69,16,0,10,40,4,1,35,81,0,2,5,.257,.352,.429,.781
Miguel Sano,MIN,3B,75,268,55,65,15,1,23,50,0,1,42,108,0,1,1,.243,.346,.563,.909
Stevie Wilkerson,BAL,2B,89,266,33,59,14,1,10,32,2,3,13,91,0,1,4,.222,.268,.395,.663
Logan Forsythe,TEX,2B,86,265,36,63,16,1,7,38,2,0,41,81,0,2,3,.238,.344,.385,.729
Chris Davis,BAL,1B,90,263,22,47,8,0,9,32,0,0,31,121,0,3,3,.179,.270,.312,.582
Chris Taylor,LAD,SS,90,261,33,68,20,3,8,41,7,0,29,81,2,4,2,.261,.334,.452,.786
Steven Duggar,SF,OF,73,261,26,61,12,2,4,28,1,4,16,78,0,3,1,.234,.278,.341,.619
Chad Pinder,OAK,2B,93,260,36,65,17,0,11,39,0,1,13,65,0,3,5,.250,.295,.442,.737
John Hicks,DET,C,75,259,21,53,12,0,8,20,1,0,12,86,0,1,0,.205,.239,.344,.583
Ian Kinsler,SD,2B,87,258,28,56,12,0,9,22,2,4,19,54,0,1,3,.217,.278,.368,.646
Kyle Seager,SEA,3B,69,256,37,62,11,1,16,39,1,1,25,60,0,2,2,.242,.312,.480,.792
Matt Adams,WAS,1B,91,254,39,62,11,0,19,52,0,0,17,89,0,1,1,.244,.293,.512,.805
Howie Kendrick,WAS,2B,91,254,45,81,18,0,13,50,2,1,22,40,0,5,3,.319,.373,.543,.916
Cheslor Cuthbert,KC,3B,65,253,20,66,11,0,8,31,1,0,12,51,0,0,2,.261,.300,.399,.699
Aaron Judge,NYY,OF,69,253,48,67,12,0,12,33,2,1,49,93,0,1,2,.265,.387,.455,.842
Anthony Santander,BAL,OF,63,252,32,72,15,1,11,35,1,2,15,49,1,3,1,.286,.325,.484,.809
J.P. Crawford,SEA,SS,68,252,29,60,18,3,5,38,5,3,31,66,2,3,1,.238,.321,.393,.714
Tyler Naquin,CLE,OF,80,252,32,71,18,0,10,32,4,1,11,62,2,2,1,.282,.312,.472,.784
Mike Yastrzemski,SF,OF,72,250,45,69,14,3,16,45,1,2,18,66,1,3,2,.276,.326,.548,.874
Ben Gamel,MIL,OF,106,249,39,62,13,0,7,29,2,2,31,85,0,2,3,.249,.337,.386,.723
Carson Kelly,ARI,C,87,248,33,63,17,0,17,42,0,0,34,57,0,1,2,.254,.347,.528,.875
Delino DeShields Jr.,TEX,OF,86,247,31,63,12,3,3,24,16,5,32,72,7,2,3,.255,.345,.364,.709
Mitch Haniger,SEA,OF,63,246,46,54,13,1,15,32,4,0,30,81,0,2,5,.220,.314,.463,.777
Josh Phegley,OAK,C,84,246,35,60,14,0,10,47,0,1,10,42,1,4,5,.244,.283,.423,.706
Neil Walker,MIA,2B,84,246,23,64,14,1,5,24,2,0,30,60,0,1,1,.260,.342,.386,.728
Elias Diaz,PIT,C,79,245,26,61,13,0,1,23,0,0,21,46,0,2,0,.249,.306,.314,.620
Austin Hedges,SD,C,76,244,20,48,9,0,9,31,1,0,15,86,2,1,5,.197,.257,.344,.601
Cavan Biggio,TOR,2B,69,244,41,51,10,0,10,31,9,0,46,85,0,1,0,.209,.333,.373,.706
Mitch Garver,MIN,C,69,242,50,64,10,1,23,52,0,0,26,68,0,1,4,.264,.344,.599,.943
Joey Gallo,TEX,1B,70,241,54,61,15,1,22,49,4,2,52,114,1,1,2,.253,.389,.598,.987
Richie Martin,BAL,SS,96,241,22,46,6,3,4,13,7,1,14,75,3,0,4,.191,.247,.290,.537
Edwin Encarnacion,SEA,1B,65,241,48,58,7,0,21,49,0,1,41,55,0,3,4,.241,.356,.531,.887
Jonathan Lucroy,LAA,C,74,240,28,58,8,1,7,30,0,0,21,39,0,3,4,.242,.310,.371,.681
Ryan O'Hearn,KC,1B,73,239,21,41,8,1,7,22,0,1,28,70,0,1,1,.172,.260,.301,.561
Brian McCann,ATL,C,72,238,26,63,8,0,10,39,0,0,27,45,0,6,2,.265,.337,.424,.761
Martin Maldonado,KC,C,74,238,26,54,15,0,6,17,0,0,17,55,2,1,5,.227,.291,.366,.657
Pedro Severino,BAL,C,73,237,28,61,10,0,10,30,2,1,24,59,1,2,3,.257,.331,.426,.757
Leonys Martin,CLE,OF,65,236,32,47,7,0,9,19,4,5,21,78,3,0,4,.199,.276,.343,.619
Austin Riley,ATL,3B,66,236,38,57,9,1,17,45,0,2,13,90,0,1,5,.242,.294,.504,.798
Jake Marisnick,HOU,OF,94,233,40,57,16,2,9,28,10,2,13,74,3,0,6,.245,.302,.446,.748
Kurt Suzuki,WAS,C,70,233,28,63,9,0,13,47,0,1,17,31,0,3,4,.270,.327,.476,.803
Keston Hiura,MIL,2B,60,227,37,71,16,2,14,35,8,3,20,78,0,0,6,.313,.383,.586,.969
Harold Castro,DET,2B,63,226,21,64,6,3,4,28,3,2,7,56,2,4,0,.283,.300,.389,.689
Yan Gomes,WAS,C,72,225,23,47,8,0,6,26,1,0,30,58,0,0,4,.209,.313,.324,.637
Mike Zunino,TB,C,71,225,25,38,10,1,8,26,0,0,18,81,0,0,3,.169,.240,.329,.569
Jesus Aguilar,MIL,1B,94,222,26,50,9,0,8,34,0,0,31,59,0,4,2,.225,.320,.374,.694
Derek Dietrich,CIN,1B,98,222,41,46,7,2,19,43,1,1,26,67,0,1,23,.207,.349,.514,.863
Travis d'Arnaud,TB,C,64,222,39,58,10,0,13,46,0,1,24,56,0,3,1,.261,.332,.482,.814
Aaron Hicks,NYY,OF,59,221,41,52,10,0,12,36,1,2,31,72,0,3,0,.235,.325,.443,.768
Tucker Barnhart,CIN,C,80,221,28,51,7,0,9,32,0,0,32,60,1,1,2,.231,.332,.385,.717
Johan Camargo,ATL,3B,89,221,26,49,10,1,5,29,1,0,14,40,1,0,0,.222,.268,.344,.612
Harrison Bader,STL,OF,90,221,31,43,10,2,6,19,6,3,29,73,1,1,8,.195,.309,.339,.648
Yonder Alonso,CWS,1B,67,219,23,39,6,0,7,27,0,1,29,53,0,2,1,.178,.275,.301,.576
Andrew McCutchen,PHI,OF,59,219,45,56,12,1,10,29,2,1,43,55,0,0,0,.256,.378,.457,.835
Tyler White,HOU,1B,71,218,16,49,14,0,3,21,0,0,32,74,0,3,0,.225,.320,.330,.650
Didi Gregorius,NYY,SS,53,215,34,56,8,1,11,38,1,1,9,31,0,2,0,.260,.288,.460,.748
Greg Garcia,SD,2B,97,214,37,57,11,3,3,26,0,2,29,59,1,2,3,.266,.359,.388,.747
Tyler Flowers,ATL,C,64,211,25,47,8,2,9,22,0,0,20,80,0,1,3,.223,.298,.408,.706
Mike Tauchman,NYY,OF,71,211,41,61,16,1,12,42,5,0,27,60,0,0,0,.289,.370,.545,.915
Austin Barnes,LAD,C,70,204,27,40,10,1,5,23,3,0,22,53,0,2,5,.196,.288,.328,.616
Mitch Moreland,BOS,1B,63,202,31,49,11,1,14,44,1,0,24,50,0,2,0,.243,.320,.515,.835
Jeff Mathis,TEX,C,75,199,16,33,7,0,2,11,0,0,14,71,0,1,0,.166,.220,.231,.451
Ender Inciarte,ATL,OF,65,199,30,49,11,2,5,24,7,1,26,41,0,1,4,.246,.343,.397,.740
Luis Arraez,MIN,2B,58,199,35,68,10,1,3,20,1,2,24,16,0,2,1,.342,.412,.447,.859
Ronald Guzman,TEX,1B,68,197,25,38,16,0,8,29,1,2,25,65,0,4,1,.193,.282,.396,.678
Travis Shaw,MIL,2B,65,197,18,32,5,0,6,13,0,0,28,74,0,0,3,.162,.276,.279,.555
Martin Prado,MIA,3B,73,197,20,48,8,0,1,14,0,0,7,33,0,3,0,.244,.266,.299,.565
Yordan Alvarez,HOU,OF,53,197,34,66,15,0,19,55,0,0,28,55,0,2,1,.335,.417,.701,1.118
Billy McKinney,TOR,OF,59,195,29,42,11,1,9,21,0,2,13,53,2,1,2,.215,.270,.421,.691
Ryan Cordell,CWS,OF,80,194,18,44,7,0,6,20,2,0,13,64,5,1,3,.227,.284,.356,.640
Jordan Luplow,CLE,OF,69,192,31,52,13,0,11,29,3,2,22,53,0,1,1,.271,.347,.510,.857
A.J. Pollock,LAD,OF,54,192,34,51,9,1,8,30,2,1,15,43,0,4,4,.266,.326,.448,.774
Juan Lagares,NYM,OF,101,191,25,41,8,1,2,18,3,1,15,61,2,1,2,.215,.278,.298,.576
Clint Frazier,NYY,OF,53,191,25,54,11,0,11,34,1,2,13,59,0,3,2,.283,.330,.513,.843
Gordon Beckham,DET,2B,69,190,24,42,12,2,5,14,2,1,13,62,0,0,4,.221,.285,.384,.669
Jason Castro,MIN,C,60,188,36,46,9,0,12,28,0,0,22,63,1,1,2,.245,.329,.484,.813
Wilmer Flores,ARI,1B,66,186,21,58,12,0,6,22,0,0,10,21,0,1,3,.312,.355,.473,.828
Garrett Hampson,COL,SS,69,182,21,39,7,3,2,15,5,3,15,60,2,1,0,.214,.273,.319,.592
Francisco Mejia,SD,C,61,180,22,50,7,2,6,17,1,0,10,42,0,1,3,.278,.325,.439,.764
Ronny Rodriguez,DET,SS,56,179,18,39,11,3,7,24,2,1,7,53,0,3,0,.218,.243,.430,.673
Daniel Robertson,TB,2B,59,178,22,36,8,0,2,15,1,1,23,52,0,0,5,.202,.311,.281,.592
Stephen Vogt,SF,C,72,178,20,50,20,2,6,22,0,1,16,45,0,2,1,.281,.340,.517,.857
Cameron Maybin,NYY,OF,59,178,40,55,14,0,8,26,7,4,24,52,0,0,0,.309,.391,.522,.913
Tommy Edman,STL,2B,54,177,27,48,7,3,5,19,8,0,7,36,0,0,1,.271,.303,.429,.732
Tom Murphy,SEA,C,52,176,20,50,9,1,13,29,2,0,7,65,0,1,1,.284,.314,.568,.882
Dominic Smith,NYM,1B,88,176,34,49,10,0,10,22,1,2,19,44,0,0,1,.278,.352,.506,.858
Guillermo Heredia,TB,OF,73,175,25,38,10,0,3,16,2,1,17,49,2,1,6,.217,.307,.326,.633
Matt Beaty,LAD,1B,65,175,27,52,16,1,7,37,2,0,10,24,0,0,0,.297,.335,.520,.855
Welington Castillo,CWS,C,54,174,12,36,9,0,7,23,0,0,14,56,0,1,3,.207,.276,.379,.655
Dylan Moore,SEA,SS,84,174,22,35,10,2,5,14,7,7,19,68,1,0,6,.201,.302,.368,.670
Jordy Mercer,DET,SS,49,173,13,43,10,0,6,13,0,0,8,35,0,0,2,.249,.290,.410,.700
Jung Ho Kang,PIT,3B,65,172,15,29,7,1,10,24,0,0,11,60,0,1,1,.169,.222,.395,.617
Ryon Healy,SEA,1B,47,169,24,40,16,0,7,26,0,0,13,40,0,4,1,.237,.289,.456,.745
Austin Romine,NYY,C,54,169,19,46,7,0,6,28,1,1,6,36,1,1,0,.272,.295,.420,.715
Russell Martin,LAD,C,66,169,24,36,4,0,4,15,0,0,25,46,0,2,7,.213,.335,.308,.643
Ehire Adrianza,MIN,SS,72,169,31,50,7,3,4,19,0,2,19,29,1,3,6,.296,.381,.444,.825
Ildemaro Vargas,ARI,2B,70,169,23,44,7,0,5,20,1,0,9,21,0,1,0,.260,.296,.391,.687
Eduardo Nunez,BOS,2B,60,167,13,38,7,0,2,20,5,1,4,27,1,2,0,.228,.243,.305,.548
Hernan Perez,MIL,2B,65,166,23,39,8,0,5,11,4,1,9,47,1,1,0,.235,.273,.373,.646
Willie Calhoun,TEX,OF,46,166,28,47,9,1,11,27,0,0,11,30,0,0,1,.283,.331,.548,.879
Jay Bruce,SEA,1B,47,165,27,35,11,0,14,28,1,0,16,53,0,2,1,.212,.283,.533,.816
Donovan Solano,SF,2B,59,164,21,55,11,0,4,20,0,1,8,36,0,2,1,.335,.366,.476,.842
Tony Kemp,HOU,OF,66,163,23,37,6,2,7,17,4,3,16,29,1,2,4,.227,.308,.417,.725
Daniel Descalso,CHC,2B,73,160,19,29,5,1,2,15,2,1,23,52,1,1,0,.181,.283,.263,.546
Tim Locastro,ARI,2B,68,159,27,40,8,2,1,15,11,0,11,27,1,1,16,.252,.358,.346,.704
Greg Allen,CLE,OF,57,159,26,38,7,3,4,23,3,2,8,33,2,1,6,.239,.299,.396,.695
Brock Holt,BOS,2B,58,157,26,50,10,2,2,22,1,0,19,32,0,4,3,.318,.393,.446,.839
Yairo Munoz,STL,SS,72,156,19,42,7,1,2,13,7,3,5,31,0,1,1,.269,.294,.365,.659
Justin Upton,LAA,OF,44,154,26,33,5,0,9,29,1,0,23,55,0,4,0,.214,.309,.422,.731
Grayson Greiner,DET,C,43,154,13,25,3,0,5,14,0,0,13,57,0,1,1,.162,.231,.279,.510
Matt Wieters,STL,C,56,153,14,34,4,0,10,23,1,1,10,46,0,2,1,.222,.271,.444,.715
Gregory Polanco,PIT,OF,42,153,23,37,8,1,6,17,3,1,12,49,0,0,1,.242,.301,.425,.726
Victor Caratini,CHC,C,61,151,18,38,8,0,6,22,0,0,22,38,0,1,1,.252,.349,.424,.773
Addison Russell,CHC,SS,58,150,18,37,3,1,6,16,0,0,19,38,1,2,1,.247,.331,.400,.731
Curt Casali,CIN,C,62,150,19,38,7,0,6,24,0,0,19,44,0,2,1,.253,.337,.420,.757
Josh Naylor,SD,OF,57,149,18,37,8,0,6,25,1,1,14,36,0,1,0,.248,.311,.423,.734
Jon Jay,CWS,OF,40,146,11,40,8,0,0,9,0,0,6,27,4,1,2,.274,.310,.329,.639
Chris Iannetta,COL,C,52,144,20,32,10,0,6,21,0,0,18,54,0,1,1,.222,.311,.417,.728
Kyle Farmer,CIN,2B,80,144,19,36,5,0,7,24,4,1,5,46,0,1,3,.250,.288,.431,.719
Charlie Tilson,CWS,OF,54,144,16,33,5,0,1,12,4,0,10,38,0,0,3,.229,.293,.285,.578
Edwin Encarnacion,NYY,1B,36,143,27,34,10,0,9,27,0,0,16,41,0,0,3,.238,.327,.497,.824
Sandy Leon,BOS,C,52,142,12,27,2,0,5,16,0,0,11,39,3,1,1,.190,.252,.310,.562
Adeiny Hechavarria,NYM,SS,60,142,20,29,7,0,5,18,3,1,8,33,0,0,1,.204,.252,.359,.611
Justin Bour,LAA,1B,45,142,18,26,5,0,8,26,0,0,16,46,0,1,1,.183,.269,.387,.656
Jose Rondon,CWS,DH,55,142,10,28,3,0,3,9,0,0,11,38,1,0,2,.197,.265,.282,.547
Joey Wendle,TB,2B,46,141,14,29,10,0,0,10,4,1,8,29,0,2,6,.206,.274,.277,.551
Isiah Kiner-Falefa,TEX,C,49,141,18,33,9,1,1,15,2,0,13,38,1,1,3,.234,.310,.333,.643
David Freese,LAD,3B,66,140,32,42,12,0,9,27,0,0,22,38,0,0,1,.300,.399,.579,.978
Josh Harrison,DET,2B,36,136,10,24,7,1,1,8,4,2,6,26,0,2,2,.176,.219,.265,.484
Chance Sisco,BAL,C,42,136,23,30,6,0,6,18,0,1,13,50,0,0,6,.221,.316,.397,.713
Aledmys Diaz,HOU,SS,45,135,24,36,5,1,7,28,0,0,11,18,0,5,2,.267,.320,.474,.794
Chris Owings,KC,OF,41,135,9,18,4,1,2,9,4,1,8,55,0,0,2,.133,.193,.222,.415
Mark Reynolds,COL,1B,78,135,13,23,7,0,4,20,2,0,22,57,0,3,2,.170,.290,.311,.601
Willians Astudillo,MIN,C,39,133,19,35,7,0,3,13,0,0,2,5,0,4,3,.263,.282,.383,.665
Dawel Lugo,DET,2B,41,133,8,29,1,3,1,12,0,0,4,29,0,3,3,.218,.252,.293,.545
JT Riddle,MIA,SS,51,132,15,25,6,0,6,12,0,0,5,42,0,0,2,.189,.230,.371,.601
Gerardo Parra,WAS,OF,64,131,21,36,8,1,6,31,4,2,8,29,1,0,3,.275,.331,.489,.820
Tyler Austin,SF,1B,70,130,24,24,2,1,8,20,1,0,17,57,0,0,0,.185,.279,.400,.679
Brandon Nimmo,NYM,OF,43,130,20,26,7,0,3,14,1,0,26,48,1,1,3,.200,.344,.323,.667
Tyler O'Neill,STL,OF,46,129,14,36,5,0,5,16,1,0,7,46,0,0,0,.279,.316,.434,.750
Manny Pina,MIL,C,61,129,9,29,6,0,6,18,0,0,13,39,0,0,3,.225,.310,.411,.721
Corey Dickerson,PIT,OF,44,127,20,40,18,0,4,25,1,0,13,23,0,2,0,.315,.373,.551,.924
Odubel Herrera,PHI,OF,39,126,12,28,10,1,1,16,2,2,11,33,0,1,1,.222,.288,.341,.629
Josh VanMeter,CIN,2B,59,126,18,36,10,0,4,13,4,3,16,30,0,0,2,.286,.375,.460,.835
Lewis Brinson,MIA,OF,41,126,5,23,7,0,0,8,1,1,4,41,1,1,3,.183,.224,.238,.462
Cam Gallagher,KC,C,45,126,14,30,7,0,3,12,0,1,11,28,1,1,3,.238,.312,.365,.677
Kevin Plawecki,CLE,C,48,124,11,26,8,0,2,12,0,1,10,26,0,1,3,.210,.283,.323,.606
Phillip Ervin,CIN,OF,58,124,19,41,7,5,3,14,3,2,10,31,0,0,2,.331,.390,.540,.930
Jose Osuna,PIT,1B,58,123,21,39,13,0,8,26,0,0,8,23,0,2,1,.317,.358,.618,.976
Kevan Smith,LAA,C,43,122,18,30,9,0,2,12,1,0,13,24,0,1,3,.246,.331,.369,.700
Wilmer Difo,WAS,2B,39,121,14,28,2,0,2,7,0,1,12,27,1,0,0,.231,.301,.298,.599
Austin Nola,SEA,C,45,121,19,38,7,1,6,13,0,0,7,30,1,0,2,.314,.362,.537,.899
Adam Engel,CWS,OF,52,121,14,26,4,2,2,14,3,1,7,44,1,0,4,.215,.280,.331,.611
Jon Berti,MIA,2B,39,120,27,33,8,1,3,11,5,1,12,27,0,1,4,.275,.358,.433,.791
Jay Bruce,PHI,1B,34,120,14,30,6,0,10,29,0,0,3,22,0,1,0,.250,.266,.550,.816
Jake Lamb,ARI,3B,47,119,23,26,6,1,5,17,0,0,23,35,0,1,4,.218,.361,.412,.773
Ryan Zimmerman,WAS,1B,33,118,12,29,8,0,3,15,0,0,12,27,0,2,0,.246,.311,.390,.701
Matt Joyce,ATL,OF,95,118,18,31,7,0,4,15,0,0,18,29,0,0,0,.263,.360,.424,.784
Joey Rickard,BAL,OF,42,118,10,24,7,2,2,6,3,2,14,33,0,0,3,.203,.304,.347,.651
Charlie Culberson,ATL,SS,93,116,12,34,5,2,4,19,0,1,5,37,0,1,1,.293,.325,.474,.799
Alex Avila,ARI,C,45,115,17,26,5,0,8,21,1,0,28,43,0,0,1,.226,.382,.478,.860
Victor Reyes,DET,OF,31,115,14,31,7,3,0,8,1,1,8,27,0,0,0,.270,.317,.383,.700
Tomas Nido,NYM,C,38,114,7,24,5,0,3,13,0,0,5,30,1,0,0,.211,.244,.333,.577
Jacob Stallings,PIT,C,45,113,14,30,4,0,4,9,0,0,9,26,0,0,2,.265,.331,.407,.738
Cole Tucker,PIT,SS,41,113,11,22,8,0,2,10,0,0,8,34,1,0,1,.195,.254,.319,.573
Luke Maile,TOR,C,42,111,9,17,2,1,2,9,1,0,7,29,2,0,0,.153,.203,.243,.446
Jake Cave,MIN,OF,45,111,13,28,6,0,2,11,0,0,11,41,0,1,7,.252,.354,.360,.714
Mike Freeman,CLE,SS,49,109,18,30,6,0,4,18,1,2,13,34,5,2,3,.275,.362,.440,.802
Francisco Cervelli,PIT,C,34,109,11,21,3,0,1,5,1,0,9,31,1,0,4,.193,.279,.248,.527
Mike Brosseau,TB,3B,37,109,14,31,6,0,5,15,1,0,4,29,1,0,2,.284,.322,.477,.799
Ty France,SD,3B,37,109,9,24,4,1,2,11,0,1,4,28,0,1,4,.220,.271,.330,.601
Kendrys Morales,OAK,DH,34,108,9,22,1,1,1,7,0,0,14,20,0,1,3,.204,.310,.259,.569
Roman Quinn,PHI,OF,44,108,18,23,3,1,4,11,8,0,12,34,1,0,1,.213,.298,.370,.668
Carlos Gonzalez,CLE,OF,30,105,13,22,1,0,2,7,0,1,10,33,0,1,1,.210,.282,.276,.558
Lucas Duda,KC,1B,39,105,7,18,4,0,4,15,0,0,11,32,0,2,1,.171,.252,.324,.576
Rosell Herrera,MIA,OF,63,105,10,21,6,0,2,11,4,1,11,27,1,0,2,.200,.288,.314,.602
Keon Broxton,BAL,OF,37,103,14,21,3,0,4,9,4,1,8,49,1,0,0,.204,.261,.350,.611
Bubba Starling,KC,OF,27,102,14,22,3,0,2,8,1,0,5,34,1,0,0,.216,.252,.304,.556
Austin Slater,SF,1B,38,102,13,30,7,3,3,16,1,0,18,34,0,0,2,.294,.410,.510,.920
Nate Lowe,TB,1B,30,102,17,30,7,0,5,13,0,0,10,29,0,1,2,.294,.365,.510,.875
Adam Haseley,PHI,OF,31,102,15,26,6,0,3,13,1,0,4,27,0,0,3,.255,.303,.402,.705
Nick Williams,PHI,OF,60,101,9,16,4,0,2,5,0,0,4,39,0,0,2,.158,.206,.257,.463
Ryan Goins,CWS,2B,31,100,8,26,5,1,2,9,0,1,14,31,1,0,1,.260,.357,.390,.747
Alex Dickerson,SF,OF,35,98,23,35,10,3,6,24,1,1,11,22,0,0,1,.357,.427,.704,1.131
Sam Travis,BOS,1B,37,98,15,26,4,0,6,15,2,0,8,24,0,1,0,.265,.318,.490,.808
Luis Urias,SD,2B,35,98,17,19,4,0,2,13,0,1,17,25,0,0,5,.194,.342,.296,.638
Zack Cozart,LAA,3B,38,97,4,12,2,0,0,7,0,0,5,16,0,3,2,.124,.178,.144,.322
Andrew Knapp,PHI,C,59,95,10,19,4,0,1,4,0,0,15,33,2,0,3,.200,.327,.274,.601
Max Stassi,HOU,C,31,90,4,15,1,0,1,3,0,0,7,34,0,0,1,.167,.235,.211,.446
Steve Pearce,BOS,1B,29,89,9,16,4,0,1,9,0,0,7,31,0,1,1,.180,.245,.258,.503
Humberto Arteaga,KC,SS,28,89,8,17,2,0,0,4,1,1,5,18,2,0,1,.191,.242,.213,.455
Matt Thaiss,LAA,1B,29,88,13,18,3,0,6,18,0,0,10,32,0,0,0,.205,.286,.443,.729
Bo Bichette,TOR,SS,20,87,13,29,12,0,5,9,2,4,7,23,0,0,0,.333,.383,.644,1.027
Austin Dean,MIA,OF,32,86,6,18,5,0,2,10,0,0,1,22,0,1,0,.209,.216,.337,.553
Carlos Gomez,NYM,OF,34,86,10,17,3,0,3,10,4,1,7,30,2,1,3,.198,.278,.337,.615
Gerardo Parra,SF,OF,30,86,8,17,3,0,1,6,2,1,8,18,0,1,2,.198,.278,.267,.545
Cesar Puello,MIA,OF,32,84,8,15,2,0,1,6,0,0,7,30,1,0,5,.179,.281,.238,.519
Bryan Holaday,MIA,C,30,83,9,25,4,0,3,9,0,1,10,13,1,0,1,.301,.383,.458,.841
Ben Zobrist,CHC,2B,26,83,12,20,1,0,0,10,0,0,14,12,0,2,0,.241,.343,.253,.596
Myles Straw,HOU,SS,40,82,18,20,3,1,0,4,7,1,15,22,1,0,0,.244,.361,.305,.666
Mike Ford,NYY,1B,26,81,16,14,2,0,4,8,0,0,11,17,0,0,3,.173,.295,.346,.641
Jace Peterson,BAL,3B,22,81,10,18,3,1,2,11,4,1,5,18,0,1,0,.222,.264,.358,.622
Scott Schebler,CIN,OF,30,81,11,10,2,0,2,7,0,1,14,27,0,0,0,.123,.253,.222,.475
Will Smith,LAD,C,26,80,18,26,8,0,10,28,1,0,9,24,0,2,2,.325,.398,.800,1.198
Sean Rodriguez,PHI,2B,50,79,16,17,3,0,3,10,1,1,8,29,3,1,2,.215,.300,.367,.667
Marco Hernandez,BOS,2B,33,77,14,25,5,0,2,8,1,1,1,17,1,0,2,.325,.350,.468,.818
Mac Williamson,SEA,OF,25,77,10,14,0,0,3,10,0,1,9,26,0,0,1,.182,.276,.299,.575
Matt Duffy,TB,3B,20,77,5,20,4,0,0,7,0,0,8,14,0,0,0,.260,.329,.312,.641
Michael Taylor,WAS,OF,43,76,6,16,5,0,0,2,4,0,7,32,2,0,0,.211,.277,.276,.553
Brendan Rodgers,COL,2B,25,76,8,17,2,0,0,7,0,0,4,27,0,0,1,.224,.272,.250,.522
Adam Duvall,ATL,OF,21,74,12,18,2,0,6,11,0,0,4,26,0,1,1,.243,.288,.514,.802
Kelvin Gutierrez,KC,3B,20,73,4,19,2,1,1,11,1,0,5,24,0,1,0,.260,.304,.356,.660
Yangervis Solarte,SF,2B,28,73,9,15,5,0,1,7,0,0,4,16,1,0,0,.205,.247,.315,.562
Chris Herrmann,OAK,C,24,71,8,14,3,0,1,8,0,0,8,27,1,0,0,.197,.278,.282,.560
Tim Federowicz,TEX,C,28,71,6,12,2,0,4,7,1,0,5,28,3,0,0,.169,.224,.366,.590
Erik Gonzalez,PIT,2B,26,71,4,13,2,1,0,2,4,0,7,20,3,0,0,.183,.256,.239,.495
Nick Hundley,OAK,C,31,70,5,14,3,1,2,5,0,1,2,18,0,0,1,.200,.233,.357,.590
Dustin Garneau,LAA,C,28,69,11,16,3,0,2,7,0,0,8,18,0,0,4,.232,.346,.362,.708
Scooter Gennett,CIN,2B,21,69,4,15,3,0,0,5,0,0,1,20,0,1,1,.217,.236,.261,.497
Shed Long,SEA,2B,19,69,9,16,7,0,1,5,3,1,10,20,0,0,0,.232,.329,.377,.706
Nicholas Castellanos,CHC,OF,17,69,14,24,7,0,6,8,0,1,5,16,0,0,0,.348,.392,.710,1.102
Pablo Reyes,PIT,OF,37,68,9,12,1,0,2,8,1,0,5,19,0,0,1,.176,.243,.279,.522
Wilfredo Tovar,LAA,SS,27,68,5,14,5,0,0,4,0,0,5,14,0,0,0,.206,.260,.279,.539
Blake Swihart,ARI,C,31,66,9,9,0,0,3,9,0,0,4,29,0,0,0,.136,.186,.273,.459
Tyler Saladino,MIL,SS,28,65,7,8,0,0,2,8,2,0,5,26,0,0,1,.123,.197,.215,.412
Franmil Reyes,CLE,OF,18,64,5,10,2,0,2,7,0,0,3,26,0,2,0,.156,.188,.281,.469
Cedric Mullins,BAL,OF,22,64,7,6,0,2,0,4,1,0,4,14,2,1,3,.094,.181,.156,.337
Nicky Delmonico,CWS,OF,21,63,6,13,2,0,1,6,0,1,4,25,0,0,1,.206,.265,.286,.551
John Ryan Murphy,ARI,C,25,62,9,11,3,0,4,7,0,0,6,28,1,0,0,.177,.250,.419,.669
Kendrys Morales,NYY,DH,19,62,7,11,1,0,1,5,0,0,12,6,0,0,1,.177,.320,.242,.562
Jesus Sucre,BAL,C,21,62,3,13,2,0,0,3,0,0,4,13,0,0,1,.210,.269,.242,.511
Matt Kemp,CIN,OF,20,60,4,12,2,0,1,5,0,0,1,19,0,1,0,.200,.210,.283,.493
Yadiel Rivera,MIA,SS,34,60,8,11,2,0,0,3,2,0,6,20,0,0,0,.183,.258,.217,.475
Travis Demeritte,DET,OF,17,60,8,16,3,2,1,4,3,0,7,22,0,1,0,.267,.338,.433,.771
Robel Garcia,CHC,3B,19,59,6,13,2,2,4,8,0,0,3,26,0,1,0,.220,.254,.525,.779
Meibrys Viloria,KC,C,17,59,3,13,4,0,1,8,0,0,4,19,0,0,0,.220,.270,.339,.609
Kevin Cron,ARI,1B,27,58,10,12,4,0,5,15,0,1,4,26,0,1,1,.207,.266,.534,.800
Aristides Aquino,CIN,OF,17,57,15,19,1,0,11,22,0,0,6,14,0,0,0,.333,.397,.930,1.327
Thairo Estrada,NYY,2B,28,57,11,14,3,0,3,11,3,0,3,14,1,0,0,.246,.283,.456,.739
Yasiel Puig,CLE,OF,15,57,8,20,5,1,2,10,2,1,6,13,0,0,1,.351,.422,.579,1.001
Jedd Gyorko,STL,3B,38,56,5,11,0,0,2,7,2,0,6,14,0,0,0,.196,.274,.304,.578
Ian Happ,CHC,3B,22,55,12,15,2,1,4,11,0,0,7,16,0,0,0,.273,.355,.564,.919
Isaac Galloway,MIA,OF,19,54,6,9,1,0,0,1,2,0,0,17,0,0,0,.167,.167,.185,.352
Derek Fisher,HOU,OF,17,53,9,12,2,1,1,5,4,1,7,14,0,0,0,.226,.317,.358,.675
Brad Miller,PHI,2B,39,52,8,11,0,1,3,8,1,0,7,16,0,0,1,.212,.317,.423,.740
Scooter Gennett,SF,2B,16,52,9,15,4,0,2,6,0,0,1,13,0,1,1,.288,.309,.481,.790
Mac Williamson,SF,OF,15,51,3,6,1,0,1,7,2,0,5,18,0,0,1,.118,.211,.196,.407
Terrance Gore,KC,OF,37,51,13,14,2,1,0,1,13,5,6,18,0,0,1,.275,.362,.353,.715
Tyler Wade,NYY,2B,21,51,9,11,0,0,1,6,5,0,7,18,2,0,1,.216,.322,.275,.597
Christian Arroyo,TB,3B,16,50,8,11,2,0,2,7,0,0,5,18,1,0,1,.220,.304,.380,.684
Jonathan Davis,TOR,OF,18,50,3,7,0,0,1,2,1,1,2,13,0,0,0,.140,.173,.200,.373
Keon Broxton,NYM,OF,34,49,5,7,1,0,0,2,4,1,4,22,0,0,0,.143,.208,.163,.371
Phil Gosselin,PHI,2B,32,49,3,12,3,0,0,6,0,0,1,10,0,0,0,.245,.260,.306,.566
Hanley Ramirez,CLE,1B,16,49,4,9,1,0,2,8,0,0,8,17,0,0,0,.184,.298,.327,.625
Jake Rogers,DET,C,15,49,8,7,0,0,4,7,0,0,9,22,1,0,0,.143,.276,.388,.664
Trent Grisham,MIL,OF,14,48,8,12,2,0,3,10,0,1,4,14,0,2,1,.250,.309,.479,.788
Kyle Garlick,LAD,OF,30,48,8,12,4,0,3,6,0,0,5,19,0,0,0,.250,.321,.521,.842
Isan Diaz,MIA,2B,13,48,5,9,1,0,1,3,0,1,3,18,0,1,1,.188,.245,.271,.516
Chad Wallach,MIA,C,19,48,4,12,3,0,1,3,0,0,6,12,0,0,0,.250,.333,.375,.708
Franklin Barreto,OAK,2B,17,47,6,5,1,0,2,4,1,0,1,18,0,0,0,.106,.125,.255,.380
Miguel Andujar,NYY,3B,12,47,1,6,0,0,0,1,0,0,1,11,0,1,0,.128,.143,.128,.271
Pat Valaika,COL,2B,26,47,6,6,1,0,1,2,0,0,6,21,0,0,0,.128,.226,.213,.439
Eric Sogard,TB,2B,16,47,11,16,5,0,3,8,2,0,7,6,0,0,0,.340,.426,.638,1.064
J.B. Shuck,PIT,OF,27,47,4,10,0,1,0,2,1,1,8,10,1,0,1,.213,.339,.255,.594
Corey Dickerson,PHI,OF,13,46,4,12,2,1,3,10,0,0,0,12,0,1,0,.261,.255,.543,.798
Daniel Palka,CWS,OF,17,45,0,1,0,0,0,2,0,0,6,18,0,0,1,.022,.154,.022,.176
Bobby Bradley,CLE,1B,15,45,4,8,5,0,1,4,0,0,4,20,0,0,0,.178,.245,.356,.601
Austin Allen,SD,C,21,44,2,11,3,0,0,3,0,0,5,10,0,0,0,.250,.327,.318,.645
AJ Reed,CWS,1B,14,44,1,6,0,0,1,4,0,0,4,21,0,1,0,.136,.204,.205,.409
Dustin Peterson,DET,OF,17,44,3,10,4,0,0,6,1,0,2,14,0,0,1,.227,.277,.318,.595
Bobby Wilson,DET,C,15,44,2,4,1,0,0,2,0,0,2,11,1,0,0,.091,.130,.114,.244
Peter Bourjos,LAA,OF,26,44,4,4,1,0,0,2,2,0,1,15,0,1,0,.091,.109,.114,.223
Alen Hanson,TOR,2B,18,43,5,7,0,0,0,4,1,0,3,17,0,1,1,.163,.229,.163,.392
Austin Wynns,BAL,C,16,43,3,10,1,0,0,3,0,0,3,7,1,0,0,.233,.283,.256,.539
Yonathan Daza,COL,OF,17,43,2,7,0,0,0,1,0,0,2,9,0,0,0,.163,.200,.163,.363
Peter O'Brien,MIA,1B,14,42,2,7,1,0,1,4,1,0,4,19,0,0,1,.167,.255,.262,.517
Luis Guillorme,NYM,3B,28,42,6,8,1,0,1,2,0,0,2,11,0,0,0,.190,.227,.286,.513
Jack Mayfield,HOU,2B,16,42,5,6,4,0,1,3,0,0,1,8,0,0,0,.143,.163,.310,.473
Andrew Knizner,STL,C,13,42,5,8,2,0,1,4,2,0,3,11,0,0,1,.190,.261,.310,.571
Eric Stamets,CLE,SS,15,41,4,2,1,0,0,2,0,0,5,24,1,1,0,.049,.149,.073,.222
Cesar Puello,LAA,OF,12,41,6,16,3,0,3,12,0,0,3,8,0,0,6,.390,.500,.683,1.183
Kris Negron,LAD,SS,15,41,8,11,0,0,2,7,0,0,3,14,0,0,0,.268,.318,.415,.733
Carlos Gonzalez,CHC,OF,15,40,8,7,2,0,1,3,0,2,8,19,0,1,0,.175,.306,.300,.606
Jesus Aguilar,TB,1B,15,40,7,13,0,0,1,5,0,0,6,8,0,1,0,.325,.404,.400,.804
Richard Urena,TOR,SS,16,40,2,10,3,0,0,0,0,0,1,13,2,0,0,.250,.268,.325,.593
Michael Perez,TB,C,15,39,6,10,5,0,0,2,0,0,6,15,0,0,1,.256,.370,.385,.755
Socrates Brito,TOR,OF,17,39,5,3,0,1,0,2,0,0,4,17,0,0,0,.077,.163,.128,.291
Kyle Higashioka,NYY,C,10,39,7,10,4,0,3,9,0,0,0,18,0,1,0,.256,.250,.590,.840
Yonder Alonso,COL,1B,23,39,9,13,4,0,3,8,0,0,8,8,0,0,0,.333,.447,.667,1.114
Carter Kieboom,WAS,SS,11,39,4,5,0,0,2,2,0,0,4,16,0,0,0,.128,.209,.282,.491
Jared Walsh,LAA,1B,18,38,3,9,2,0,0,2,0,0,2,16,0,0,0,.237,.275,.289,.564
Derek Fisher,TOR,OF,15,37,8,6,0,0,3,6,0,0,5,15,0,0,0,.162,.262,.405,.667
Brad Miller,CLE,2B,13,36,4,9,3,0,1,4,1,0,4,10,0,0,0,.250,.325,.417,.742
Mark Zagunis,CHC,OF,30,36,2,9,3,0,0,5,0,0,4,16,0,0,0,.250,.325,.333,.658
Jason Martin,PIT,OF,19,36,4,9,2,0,0,2,2,0,3,10,0,0,0,.250,.308,.306,.614
Keon Broxton,SEA,OF,14,36,3,6,0,0,2,5,2,3,4,21,0,2,0,.167,.238,.333,.571
Edwin Rios,LAD,1B,17,35,8,10,2,1,2,4,0,0,8,13,0,0,0,.286,.419,.571,.990
Tim Lopes,SEA,2B,13,35,4,10,1,0,1,8,1,1,4,5,0,1,1,.286,.366,.400,.766
Greg Bird,NYY,1B,10,35,6,6,0,0,1,1,0,0,6,16,0,0,0,.171,.293,.257,.550
Reese McGuire,TOR,C,10,34,5,9,2,0,3,4,0,0,0,7,0,0,0,.265,.265,.588,.853
DJ Stewart,BAL,OF,10,33,0,4,0,0,0,0,1,0,1,12,0,0,0,.121,.147,.121,.268
Max Moroff,CLE,2B,20,32,3,4,1,0,1,4,1,0,2,16,1,0,0,.125,.176,.250,.426
Tony Kemp,CHC,OF,14,32,1,6,1,1,0,4,0,0,0,7,0,1,0,.188,.182,.281,.463
Breyvic Valera,NYY,2B,11,32,5,7,1,1,0,3,0,0,4,5,0,0,1,.219,.324,.313,.637
Erik Kratz,SF,C,15,32,1,4,2,0,1,3,0,0,2,6,0,0,2,.125,.222,.281,.503
Giancarlo Stanton,NYY,OF,9,31,4,9,1,0,1,7,0,0,7,13,0,0,0,.290,.421,.419,.840
Matt Skole,CWS,1B,11,30,3,7,1,0,0,3,0,0,3,16,0,0,0,.233,.303,.267,.570
Lane Thomas,STL,OF,25,30,5,11,0,1,3,11,1,1,3,7,0,0,0,.367,.424,.733,1.157
Aaron Altherr,NYM,OF,24,29,6,4,1,0,1,2,0,0,2,15,0,1,1,.138,.212,.276,.488
Aaron Altherr,PHI,OF,22,29,2,1,1,0,0,1,0,0,1,9,0,0,0,.034,.067,.069,.136
Caleb Joseph,ARI,C,13,28,4,4,2,0,0,2,0,0,1,8,1,0,1,.143,.200,.214,.414
Max Stassi,LAA,C,11,27,1,1,0,0,0,1,0,0,2,10,0,1,0,.037,.100,.037,.137
Adrian Sanchez,WAS,2B,24,27,2,6,0,0,0,0,0,0,1,9,0,0,0,.222,.250,.222,.472
Martin Maldonado,HOU,C,8,27,6,4,1,0,1,1,0,0,4,11,0,0,0,.148,.258,.296,.554
Jose Trevino,TEX,C,10,27,2,5,0,0,0,2,0,0,0,9,0,0,0,.185,.185,.185,.370
Joe Panik,NYM,2B,9,27,7,9,1,1,0,2,0,0,2,2,0,0,0,.333,.379,.444,.823
Blake Swihart,BOS,C,12,26,4,6,1,0,1,4,0,0,2,7,0,0,1,.231,.310,.385,.695
Zack Collins,CWS,C,9,26,4,2,0,0,1,3,0,0,5,14,0,0,0,.077,.226,.192,.418
Patrick Wisdom,TEX,3B,9,26,1,4,1,0,0,1,0,0,1,15,1,0,0,.154,.185,.192,.377
Asdrubal Cabrera,WAS,2B,8,26,4,9,4,0,0,5,0,0,5,3,0,0,0,.346,.452,.500,.952
Garrett Stubbs,HOU,C,9,25,2,4,1,0,0,2,1,0,2,5,0,0,0,.160,.222,.200,.422
Braden Bishop,SEA,OF,10,24,1,2,0,0,0,2,0,0,0,9,0,0,0,.083,.083,.083,.166
Mikie Mahtook,DET,OF,9,23,0,0,0,0,0,0,0,0,2,11,0,0,0,.000,.080,.000,.080
Kris Negron,SEA,SS,10,23,3,5,0,0,0,1,1,0,2,9,0,0,0,.217,.280,.217,.497
Travis d'Arnaud,NYM,C,10,23,2,2,0,0,0,2,0,0,2,5,0,0,0,.087,.160,.087,.247
Beau Taylor,OAK,C,9,22,3,4,0,0,2,2,0,0,4,6,0,0,1,.182,.333,.455,.788
Tyler White,LAD,1B,12,22,2,1,0,0,0,2,0,0,4,4,0,0,0,.045,.192,.045,.237
Freddy Galvis,CIN,SS,6,21,3,9,0,0,1,3,0,0,0,6,0,1,0,.429,.409,.571,.980
Josh Rojas,ARI,2B,7,21,3,6,1,0,0,2,1,1,3,5,0,0,0,.286,.375,.333,.708
Andrew Stevenson,WAS,OF,18,20,3,7,1,0,0,0,0,0,3,7,0,0,1,.350,.458,.400,.858
Corban Joseph,OAK,2B,5,20,3,5,0,0,1,2,0,0,0,3,0,1,0,.250,.238,.400,.638
Dustin Pedroia,BOS,2B,6,20,1,2,0,0,0,1,0,0,1,2,0,0,0,.100,.143,.100,.243
Jorge Bonifacio,KC,OF,5,20,3,7,3,0,0,3,0,0,1,7,0,0,0,.350,.381,.500,.881
Jake Elmore,PIT,2B,11,20,0,1,0,0,0,0,0,0,0,3,0,0,0,.050,.050,.050,.100
Tzu-Wei Lin,BOS,SS,13,20,3,4,2,0,0,1,1,1,2,6,0,0,0,.200,.273,.300,.573
Rangel Ravelo,STL,1B,14,19,0,3,2,0,0,1,0,0,1,8,0,0,0,.158,.200,.263,.463
Alex Dickerson,SD,OF,12,19,1,3,0,0,0,2,0,0,0,7,0,0,0,.158,.158,.158,.316
Ryan Lavarnway,CIN,C,5,18,4,5,2,0,2,7,0,0,1,5,0,0,0,.278,.316,.722,1.038
Jonathan Lucroy,CHC,C,6,18,1,6,1,0,0,2,0,0,1,3,0,0,1,.333,.400,.389,.789
Taylor Davis,CHC,C,7,18,2,3,0,0,1,4,0,0,2,4,0,0,0,.167,.250,.333,.583
Aramis Garcia,SF,1B,7,18,4,3,0,0,2,3,0,0,2,9,0,0,0,.167,.250,.500,.750
Josh Fuentes,COL,3B,9,18,2,2,0,0,0,0,0,0,0,8,0,0,0,.111,.111,.111,.222
Ryan Court,SEA,SS,8,17,1,4,1,0,1,5,0,0,1,5,0,0,0,.235,.278,.471,.749
Juan Graterol,CIN,C,5,17,1,3,0,0,0,1,0,0,0,4,0,0,0,.176,.176,.176,.352
Drew Butera,COL,C,7,17,4,3,2,0,0,0,0,0,1,4,1,0,0,.176,.222,.294,.516
Erik Kratz,TB,C,6,17,0,1,0,0,0,0,0,0,0,8,0,0,0,.059,.059,.059,.118
Dustin Garneau,OAK,C,7,17,3,5,2,0,1,7,0,0,2,4,0,0,0,.294,.368,.588,.956
Kevin Pillar,TOR,OF,5,16,1,1,0,0,0,1,0,0,0,3,0,1,0,.063,.059,.063,.122
Mike Gerber,SF,OF,4,15,0,1,1,0,0,0,0,0,1,9,0,0,0,.067,.125,.133,.258
Franchy Cordero,SD,OF,9,15,2,5,1,0,0,1,1,0,4,7,0,1,0,.333,.450,.400,.850
Connor Joe,SF,OF,8,15,1,1,0,0,0,0,0,0,1,5,0,0,0,.067,.125,.067,.192
Frank Schwindel,KC,1B,6,15,0,1,0,0,0,0,0,0,0,2,0,0,0,.067,.067,.067,.134
Rocky Gale,LAD,C,5,15,1,2,0,0,0,0,0,0,0,7,0,0,0,.133,.133,.133,.266
Zach Green,SF,3B,8,14,1,2,1,0,0,1,0,0,2,6,0,0,0,.143,.250,.214,.464
Joey Rickard,SF,OF,6,13,3,3,1,0,1,1,0,0,3,3,0,0,0,.231,.375,.538,.913
Anthony Bemboom,LAA,C,5,12,1,2,0,0,1,3,0,0,0,5,0,0,0,.167,.167,.417,.584
Andrew Velazquez,TB,SS,10,12,2,1,1,0,0,0,0,0,0,6,0,0,0,.083,.083,.167,.250
Jarrett Parker,LAA,OF,5,12,1,0,0,0,0,0,0,0,3,8,0,0,0,.000,.200,.000,.200
Chris Owings,BOS,OF,4,12,1,1,1,0,0,2,0,0,1,8,0,0,0,.083,.154,.167,.321
Seby Zavala,CWS,C,5,12,1,1,0,0,0,0,0,0,0,9,0,0,0,.083,.083,.083,.166
Jake Noll,WAS,2B,8,12,1,2,1,0,0,2,0,0,1,4,0,0,0,.167,.231,.250,.481
Martin Maldonado,CHC,C,4,11,0,0,0,0,0,0,0,0,2,5,0,0,0,.000,.154,.000,.154
Troy Tulowitzki,NYY,SS,5,11,1,2,1,0,1,1,0,0,2,4,0,0,0,.182,.308,.545,.853
Nick Martini,OAK,OF,6,11,1,1,0,0,1,2,0,0,2,5,0,0,0,.091,.231,.364,.595
Scott Heineman,TEX,OF,4,10,0,2,0,0,0,0,0,0,1,2,0,0,0,.200,.273,.200,.473
Rafael Ortega,ATL,OF,5,10,1,3,1,0,1,4,0,0,0,1,0,0,0,.300,.300,.700,1.000
Nick Dini,KC,C,3,10,2,1,0,0,0,0,0,0,1,4,1,0,0,.100,.182,.100,.282
Alex Jackson,ATL,C,3,10,0,0,0,0,0,0,0,0,1,3,0,0,0,.000,.091,.000,.091
Taylor Ward,LAA,3B,7,10,1,1,1,0,0,0,0,0,1,7,0,0,0,.100,.182,.200,.382
Adeiny Hechavarria,ATL,SS,3,9,3,4,2,0,0,1,0,0,1,3,0,0,1,.444,.545,.667,1.212
Brett Phillips,KC,OF,3,9,2,2,1,0,0,1,1,0,2,2,0,0,0,.222,.364,.333,.697
Domingo Leyba,ARI,SS,10,9,1,3,1,0,0,1,0,0,1,4,0,0,0,.333,.400,.444,.844
Michael Reed,SF,OF,4,8,0,0,0,0,0,0,0,0,0,6,0,0,0,.000,.000,.000,.000
Ruben Tejada,NYM,SS,5,8,1,0,0,0,0,0,0,0,0,2,0,0,0,.000,.000,.000,.000
Logan Morrison,PHI,1B,5,8,0,3,1,0,0,0,0,0,0,0,0,0,0,.375,.375,.500,.875
Randy Arozarena,STL,OF,3,8,0,2,0,0,0,1,0,0,0,2,0,0,0,.250,.250,.250,.500
Rajai Davis,NYM,OF,4,7,2,2,0,0,1,3,0,0,0,2,0,0,0,.286,.286,.714,1.000
Wilkin Castillo,MIA,C,2,7,0,1,1,0,0,2,0,0,0,3,0,0,0,.143,.143,.286,.429
Drew Robinson,STL,OF,5,7,1,1,0,0,0,0,0,0,0,3,0,0,0,.143,.143,.143,.286
Skye Bolt,OAK,OF,4,7,1,1,1,0,0,0,0,0,1,2,0,0,0,.143,.250,.286,.536
Yasmany Tomas,ARI,OF,4,6,0,0,0,0,0,0,0,0,0,3,0,0,0,.000,.000,.000,.000
Dom Nunez,COL,C,2,6,1,1,0,0,1,1,0,0,0,1,0,0,0,.167,.167,.667,.834
Nick Ciuffo,TB,C,3,6,0,1,0,0,0,0,0,0,0,3,0,0,0,.167,.167,.167,.334
Eric Haase,CLE,C,2,6,0,0,0,0,0,0,0,0,1,4,0,0,0,.000,.143,.000,.143
Brian O'Grady,CIN,OF,6,6,0,1,0,0,0,0,0,0,0,2,0,0,0,.167,.167,.167,.334
Anthony Bemboom,TB,C,3,5,0,2,1,0,0,1,0,0,0,2,0,0,0,.400,.400,.600,1.000
Jacob Nottingham,MIL,C,6,5,1,2,0,0,1,4,0,0,0,2,0,0,0,.400,.400,1.000,1.400
Jim Adduci,CHC,1B,2,5,0,0,0,0,0,0,0,0,0,3,0,0,0,.000,.000,.000,.000
Ichiro Suzuki,SEA,OF,2,5,0,0,0,0,0,0,0,0,1,1,0,0,0,.000,.167,.000,.167
Deven Marrero,MIA,3B,5,5,0,0,0,0,0,0,0,0,0,3,0,0,0,.000,.000,.000,.000
Jose Pirela,SD,2B,2,5,0,0,0,0,0,0,0,0,0,3,0,0,0,.000,.000,.000,.000
Jedd Gyorko,LAD,3B,1,4,0,2,0,0,0,0,0,0,0,1,0,0,0,.500,.500,.500,1.000
Tyler Austin,MIN,1B,2,4,1,1,1,0,0,0,0,0,1,3,0,0,0,.250,.400,.500,.900
Yu Chang,CLE,SS,2,4,0,0,0,0,0,0,0,0,0,2,0,0,0,.000,.000,.000,.000
Edmundo Sosa,STL,SS,3,3,0,1,0,0,0,0,0,0,0,1,0,0,0,.333,.333,.333,.666
Michael Hermosillo,LAA,OF,1,3,1,0,0,0,0,0,0,0,1,2,0,0,0,.000,.250,.000,.250
Drew Jackson,BAL,SS,3,3,0,0,0,0,0,0,0,0,1,1,0,0,0,.000,.250,.000,.250
Anthony Alford,TOR,OF,1,3,0,0,0,0,0,0,0,0,0,1,0,0,0,.000,.000,.000,.000
Mauricio Dubon,MIL,SS,2,2,0,0,0,0,0,0,0,0,0,1,0,0,0,.000,.000,.000,.000
Noel Cuevas,COL,OF,1,2,0,0,0,0,0,0,0,0,0,0,0,0,0,.000,.000,.000,.000
David Freitas,SEA,C,1,2,1,0,0,0,0,1,0,0,1,0,0,1,0,.000,.250,.000,.250
Travis Jankowski,SD,OF,3,2,0,0,0,0,0,0,0,0,0,1,0,0,0,.000,.000,.000,.000
Mitch Walding,PHI,3B,2,2,0,0,0,0,0,0,0,0,0,2,0,0,0,.000,.000,.000,.000
LaMonte Wade,MIN,OF,2,2,1,0,0,0,0,0,0,1,1,0,0,0,1,.000,.500,.000,.500
Raudy Read,WAS,C,1,1,0,0,0,0,0,0,0,0,0,0,0,0,0,.000,.000,.000,.000
Jose Rondon,BAL,DH,1,1,0,0,0,0,0,0,0,0,0,0,0,0,0,.000,.000,.000,.000
Dylan Cozens,PHI,OF,1,1,0,0,0,0,0,0,0,0,0,0,0,0,0,.000,.000,.000,.000
Abiatal Avelino,SF,SS,1,1,0,0,0,0,0,0,0,0,0,0,0,0,0,.000,.000,.000,.000
Rob Brantly,PHI,C,1,1,0,0,0,0,0,0,0,0,0,1,0,0,0,.000,.000,.000,.000
Aaron Altherr,SF,OF,1,1,0,0,0,0,0,0,0,0,0,1,0,0,0,.000,.000,.000,.000
Travis d'Arnaud,LAD,C,1,1,0,0,0,0,0,0,0,0,0,0,0,0,0,.000,.000,.000,.000
Kevin Kramer,PIT,2B,1,0,1,0,0,0,0,0,0,0,1,0,0,0,0,.000,1.000,.000,1.000