last_name, first_name,player_id,attempts,avg_hit_angle,anglesweetspotpercent,max_hit_speed,avg_hit_speed,fbld,gb,max_distance,avg_distance,avg_hr_distance,ev95plus,ev95percent,barrels,brl_percent,brl_pa
Cashner, Andrew,488768,410,9.1,31.7,120.6,89.5,94.5,86.3,441,167,410,169,41.2,35,8.5,6.4
Nova, Ivan,467100,487,9.4,33.1,118.9,88.3,93.8,84.5,431,156,392,188,38.8,36,7.4,5.8
Armenteros, Rogelio,660494,52,14.2,32.7,118.9,86.0,91.4,82.7,398,173,398,15,28.8,2,3.8,2.7
Adams, Chance,664856,75,14.2,29.3,118.7,88.2,91.3,85.2,411,176,390,24,32.0,7,9.3,6.8
Hamels, Cole,430935,316,9.5,29.1,118.3,89.3,95.0,85.5,454,159,411,129,40.8,21,6.6,4.5
German, Domingo,593334,326,14.3,36.8,118.3,88.7,93.5,84.3,441,186,393,124,38.0,27,8.3,5.6
Morin, Mike,573046,118,11.6,37.3,118.3,86.2,90.4,82.8,412,172,388,31,26.7,6,5.1,4.3
Venters, Jonny,458924,25,5.4,24.0,118.3,96.1,100.0,96.9,454,149,441,14,58.3,4,16.0,8.2
Cobb, Alex,502171,50,6.4,42.0,118.1,94.9,104.1,87.6,438,184,411,30,60.0,13,26.0,21.7
Samardzija, Jeff,502188,411,16.2,35.0,117.9,89.0,93.2,85.0,440,192,402,154,37.6,31,7.5,5.4
Wheeler, Zack,554430,441,10.6,33.3,117.6,87.0,90.8,84.4,447,164,407,148,33.6,28,6.3,4.4
Stripling, Ross,548389,220,10.3,23.2,117.4,88.1,93.8,85.7,415,156,401,85,38.6,16,7.3,5.0
Chatwood, Tyler,543022,165,4.7,35.8,117.0,87.7,90.9,86.5,418,147,390,62,37.6,6,3.6,2.4
Alexander, Tyler,641302,98,14.0,31.6,116.8,90.2,95.7,86.6,450,176,403,38,38.8,7,7.1,5.5
Kolarek, Adam,592473,143,-0.1,23.1,116.8,86.8,92.4,84.7,402,119,378,50,35.0,9,6.3,4.5
Fillmyer, Heath,641571,58,14.8,34.5,116.6,93.6,95.2,94.6,396,177,375,29,50.9,6,10.3,8.3
Richard, Clayton,453385,157,5.3,30.6,116.4,91.7,94.0,91.5,439,141,398,78,49.7,15,9.6,7.5
Rogers, Taylor,573124,142,7.3,26.8,116.4,87.0,92.2,83.8,419,149,406,40,29.4,11,7.7,4.8
Stanek, Ryne,592773,160,17.9,39.4,116.3,89.9,94.9,83.2,442,212,415,64,40.3,16,10.0,6.3
Freeland, Kyle,607536,314,9.9,34.4,116.3,89.4,93.1,87.2,451,171,406,127,40.6,30,9.6,7.0
Biagini, Joe,607352,166,9.2,36.7,116.3,87.7,91.9,83.8,432,163,402,53,31.9,12,7.2,5.0
Flaherty, Jack,656427,360,15.5,34.7,116.3,87.0,92.0,83.5,431,185,399,124,34.4,29,8.1,5.1
Marquez, German,608566,486,6.0,33.7,116.3,90.2,93.7,87.6,469,158,406,210,43.2,37,7.6,5.3
Suarez, Jose,660761,170,15.1,34.1,116.2,86.5,92.3,82.7,451,180,395,58,34.1,14,8.2,5.6
Gray, Jon,592351,427,7.5,31.6,116.2,88.9,92.9,87.0,470,151,407,186,43.6,25,5.9,3.9
Colome, Alex,517008,127,8.5,35.4,116.1,90.3,93.7,87.7,408,168,399,50,39.4,11,8.7,5.9
Plutko, Adam,592644,239,20.1,36.8,116.0,88.0,92.4,84.4,449,206,395,71,29.7,17,7.1,5.8
Webb, Tyler,643778,111,14.8,32.4,116.0,85.5,90.6,81.4,414,169,391,33,30.3,6,5.4,3.6
Jackson, Luke,592426,149,1.2,27.5,115.9,87.3,92.2,85.3,446,129,412,50,33.6,11,7.4,4.4
Davis, Wade,451584,109,13.9,39.4,115.9,88.9,91.3,87.9,449,171,421,36,33.0,8,7.3,4.8
Wood, Alex,622072,82,12.9,40.2,115.9,88.3,92.5,83.7,463,184,400,29,35.4,6,7.3,5.6
Anderson, Tanner,664196,79,8.1,27.8,115.9,88.6,97.6,84.5,427,148,400,34,43.0,9,11.4,8.6
McGee, Jake,459429,97,15.9,44.3,115.8,88.5,93.6,84.1,443,204,402,36,37.1,9,9.3,6.6
Bettis, Chad,518452,219,2.2,26.5,115.6,89.6,95.9,87.4,425,123,396,90,41.1,12,5.5,4.2
Zimmermann, Jordan,519455,263,14.6,36.1,115.6,89.3,94.5,85.6,458,182,402,104,39.5,25,9.5,7.2
Covey, Dylan,592229,183,10.2,37.7,115.5,88.8,93.5,84.4,437,174,394,71,38.8,19,10.4,7.8
Darvish, Yu,506433,349,11.8,33.0,115.5,87.8,93.6,83.5,459,174,405,131,37.5,27,7.7,4.7
Peacock, Brad,502748,233,14.2,31.3,115.5,90.0,93.0,87.9,481,182,412,96,41.6,18,7.7,5.1
Givens, Mychal,571710,112,14.8,42.9,115.5,88.5,94.0,82.8,458,192,409,43,38.4,12,10.7,6.1
Hess, David,605276,249,17.9,43.8,115.4,91.2,96.0,86.0,443,209,398,121,48.6,35,14.1,10.2
Thornton, Trent,663423,368,16.5,39.1,115.4,87.7,92.9,81.5,447,195,400,135,36.7,26,7.1,4.9
Strop, Pedro,467008,79,9.4,27.8,115.4,90.6,97.2,87.4,454,160,415,31,39.7,9,11.4,7.1
Kimbrel, Craig,518886,35,14.1,54.3,115.3,89.9,91.5,87.6,422,207,396,12,35.3,7,20.0,10.9
Jimenez, Eduardo,621592,36,14.4,33.3,115.3,91.8,93.1,90.8,386,187,377,13,36.1,4,11.1,8.2
Means, John,607644,321,18.2,37.1,115.3,87.5,90.9,83.9,446,194,400,104,32.4,21,6.5,4.8
Ryu, Hyun-Jin,547943,429,5.6,31.0,115.3,85.3,91.3,81.1,438,148,403,133,31.0,19,4.4,3.3
Berrios, Jose,621244,465,14.2,32.5,115.2,86.5,91.4,82.9,441,172,405,148,31.8,30,6.5,4.5
Martin, Chris,455119,119,7.9,33.6,115.2,88.4,92.1,85.8,443,168,405,47,39.5,12,10.1,6.8
Eovaldi, Nathan,543135,110,10.3,28.2,115.2,91.2,94.3,89.5,438,157,383,45,40.9,10,9.1,6.1
Cole, Gerrit,543037,347,13.7,34.6,115.2,87.7,92.6,82.7,443,181,398,127,36.6,23,6.6,3.7
Cahill, Trevor,502239,283,9.9,29.0,115.1,89.1,94.3,86.1,438,166,396,107,39.8,23,8.1,6.0
Soto, Gregory,642397,157,8.4,32.5,115.1,89.9,93.6,86.8,441,172,389,61,40.1,16,10.2,7.5
Kikuchi, Yusei,579328,442,12.4,31.2,115.1,88.4,92.7,86.5,454,165,396,159,37.2,37,8.4,6.3
Roark, Tanner,543699,380,14.0,38.4,115.1,88.6,92.0,85.7,462,178,406,138,38.3,30,7.9,5.4
Corbin, Patrick,571578,400,9.1,33.0,115.0,89.4,95.5,84.5,462,175,420,163,40.8,38,9.5,6.0
Weaver, Luke,596133,169,13.9,35.5,115.0,89.2,94.3,86.5,446,180,402,70,41.4,11,6.5,4.3
Gallegos, Giovanny,606149,120,19.5,33.3,115.0,89.1,92.5,86.1,438,194,408,47,39.5,11,9.2,5.2
Fairbanks, Peter,664126,24,11.7,50.0,115.0,91.0,96.4,83.7,423,202,406,12,50.0,4,16.7,8.7
Waguespack, Jacob,621097,139,13.2,36.0,114.9,89.6,93.8,87.0,426,177,405,55,39.6,12,8.6,6.3
Johnson, Brian,598271,83,13.6,31.3,114.9,89.1,92.3,86.5,423,189,384,31,37.3,8,9.6,7.3
Miller, Shelby,571946,157,13.7,34.4,114.9,89.6,93.0,86.8,472,188,423,61,39.1,12,7.6,5.5
Milone, Tommy,543548,232,15.2,42.2,114.8,86.3,92.2,78.8,458,198,406,71,32.6,27,11.6,8.5
Beede, Tyler,595881,258,11.4,32.2,114.8,91.1,95.4,87.3,433,181,409,116,45.0,23,8.9,6.1
Straily, Dan,573185,179,21.6,41.3,114.7,91.4,94.6,89.2,447,226,404,87,48.6,29,16.2,12.3
Beeks, Jalen,656222,263,10.5,34.6,114.7,87.0,92.3,83.4,438,165,410,92,35.0,17,6.5,4.5
Parker, Blake,453284,125,12.4,36.0,114.7,89.1,93.0,86.2,444,176,408,52,41.6,9,7.2,4.7
Oberg, Scott,623184,142,6.9,28.9,114.7,87.2,92.9,84.2,439,150,412,52,36.6,9,6.3,4.0
Bailey, Homer,456701,373,12.0,32.4,114.7,89.7,93.4,87.7,432,169,392,141,37.9,21,5.6,3.9
Hudson, Dakota,641712,406,2.4,32.0,114.6,89.4,95.1,86.6,444,137,403,166,40.9,30,7.4,5.3
Yacabonis, Jimmy,642231,134,15.6,38.1,114.6,90.7,95.2,86.9,455,189,419,54,40.3,15,11.2,7.8
Warren, Adam,476589,86,7.5,38.4,114.6,86.4,91.9,79.9,449,183,395,30,34.9,7,8.1,5.6
Minter, A.J.,621345,80,11.3,36.3,114.5,87.0,91.6,82.0,416,188,393,27,33.8,4,5.0,2.9
Chavez, Jesse,445926,238,12.9,34.5,114.5,87.7,93.4,83.0,433,175,408,82,34.5,21,8.8,6.2
Ramirez, Noe,598287,127,16.9,36.2,114.4,87.0,94.0,78.6,443,190,394,41,33.1,9,7.1,4.4
Odorizzi, Jake,543606,342,18.3,36.3,114.4,87.8,91.9,84.2,462,194,398,121,35.5,31,9.1,5.9
Tepera, Ryan,572193,36,18.3,41.7,114.4,91.3,96.2,87.0,445,206,418,15,41.7,4,11.1,7.8
Leake, Mike,502190,520,10.6,32.5,114.4,91.1,95.0,88.5,463,174,404,228,44.1,49,9.4,7.5
Hernandez, David,456696,124,19.1,38.7,114.4,88.1,91.1,84.2,433,209,399,43,35.2,11,8.9,5.5
Turnbull, Spencer,605513,327,9.8,32.7,114.4,88.9,93.3,86.3,444,163,394,126,38.7,19,5.8,3.9
Ryan, Kyle,594986,130,5.9,26.9,114.4,88.4,91.9,87.5,399,144,372,53,40.8,3,2.3,1.6
Drake, Oliver,543118,77,7.1,28.6,114.4,89.0,93.6,86.9,429,150,387,29,38.2,7,9.1,5.3
Littell, Zack,641793,72,14.3,45.8,114.4,92.9,95.6,91.6,424,184,406,40,55.6,8,11.1,7.9
Burnes, Corbin,669203,136,9.8,36.8,114.4,89.0,92.7,86.6,453,169,407,55,40.7,17,12.5,7.6
Taillon, Jameson,592791,118,7.0,33.1,114.4,87.7,93.1,84.0,397,153,384,47,39.8,8,6.8,5.1
Elias, Roenis,606273,141,14.9,40.4,114.4,87.8,92.9,81.6,416,197,388,48,36.1,10,7.1,4.9
Miley, Wade,489119,418,7.3,26.1,114.3,87.3,91.0,84.9,441,145,386,126,32.0,19,4.5,3.2
Ray, Robbie,592662,348,12.3,38.2,114.3,86.1,92.7,80.0,448,183,413,127,36.6,34,9.8,5.6
Plesac, Zach,668676,240,12.9,34.2,114.3,89.1,92.7,86.4,442,178,396,90,37.5,19,7.9,5.7
Swanson, Erik,657024,139,15.6,38.1,114.3,90.9,95.9,85.3,453,197,403,58,41.7,18,12.9,9.7
Sabathia, CC,282332,282,14.6,36.9,114.3,86.8,90.8,83.6,432,186,387,88,31.4,25,8.9,6.2
McFarland, T.J.,519008,161,0.1,28.0,114.3,87.3,93.6,84.1,458,120,427,65,40.9,10,6.2,4.7
Miller, Justin,502522,48,24.4,29.2,114.3,88.0,93.5,79.4,429,223,403,17,35.4,6,12.5,9.2
Soroka, Mike,647336,394,4.8,29.2,114.3,86.8,91.0,85.0,422,138,399,143,36.4,16,4.1,3.0
Harper, Ryne,607560,139,14.4,39.6,114.3,87.9,92.9,83.0,409,185,388,50,36.0,9,6.5,4.7
Clarke, Taylor,664199,210,15.3,32.4,114.3,89.9,93.9,86.6,458,191,404,86,41.1,26,12.4,9.0
Smyly, Drew,592767,241,19.0,36.1,114.2,88.9,92.8,84.4,458,215,401,96,39.8,25,10.4,6.8
Familia, Jeurys,544727,112,9.5,28.6,114.2,87.6,90.9,85.8,416,154,393,38,34.2,7,6.3,3.6
Sipp, Tony,448609,64,17.2,37.5,114.2,88.1,91.0,85.4,419,188,419,22,34.4,4,6.3,4.3
Lopez, Pablo,641154,218,9.4,31.7,114.2,87.9,91.8,85.8,420,152,399,80,36.7,16,7.3,5.1
Quintana, Jose,500779,431,12.0,36.0,114.2,88.8,92.8,86.3,468,177,406,155,37.6,26,6.0,4.3
Ross, Tyson,475115,118,7.0,33.9,114.1,89.2,95.9,85.1,419,155,386,51,43.2,14,11.9,8.6
Williams, Trevor,592866,343,15.8,35.0,114.1,87.7,92.9,83.7,454,187,402,126,36.7,26,7.6,5.7
Senzatela, Antonio,622608,329,4.8,33.1,114.1,88.8,93.5,86.3,466,146,413,144,43.8,20,6.1,4.7
Guerrero, Tayron,594027,108,15.5,29.6,114.1,90.5,93.6,89.0,422,186,398,44,40.7,12,11.1,6.4
Guerra, Javy,457915,161,16.8,32.3,114.1,89.0,92.4,86.8,440,193,394,63,39.1,12,7.5,5.4
Hand, Brad,543272,115,22.2,49.6,114.1,88.6,91.9,85.9,427,217,412,45,39.1,7,6.1,3.3
Sanchez, Aaron,592717,400,8.7,29.8,114.1,89.8,94.7,86.4,476,160,402,168,42.2,30,7.5,5.1
Cortes Jr., Nestor,641482,153,17.2,35.3,114.1,87.1,90.6,84.0,433,193,388,48,31.4,12,7.8,5.4
Jackson, Edwin,429719,142,10.6,38.7,114.0,91.3,96.0,87.3,435,183,395,66,46.5,20,14.1,10.7
Fried, Max,608331,384,3.8,33.1,114.0,88.4,91.9,86.1,437,148,387,153,39.8,14,3.6,2.5
Arrieta, Jake,453562,426,6.3,33.8,114.0,88.7,93.9,85.5,445,151,402,159,37.3,29,6.8,4.9
Strickland, Hunter,519326,28,17.4,21.4,114.0,88.1,95.7,80.4,383,170,369,9,36.0,3,10.7,7.5
Greinke, Zack,425844,459,10.2,35.1,114.0,86.8,92.2,82.2,432,167,398,151,33.0,30,6.5,4.7
Gausman, Kevin,592332,258,12.5,40.7,113.9,86.8,91.9,81.4,432,181,399,91,35.3,22,8.5,5.7
Perez, Cionel,672335,30,11.6,40.0,113.9,94.6,96.0,93.2,435,205,382,15,50.0,2,6.7,5.6
Stroman, Marcus,573186,425,5.2,25.4,113.9,87.3,92.9,84.7,426,136,383,150,35.4,18,4.2,3.1
Greene, Shane,572888,119,10.9,27.7,113.9,89.4,93.7,87.9,462,155,424,46,39.0,11,9.2,5.9
Suarez, Andrew,605498,74,7.8,39.2,113.9,90.6,96.8,87.4,458,166,417,31,41.9,13,17.6,12.7
Holland, Derek,502706,220,12.6,30.9,113.9,89.0,94.9,83.4,467,185,411,90,41.5,28,12.7,8.3
Biddle, Jesse,592145,100,9.8,40.0,113.8,89.3,92.8,86.7,465,173,418,42,43.8,11,11.0,7.2
Luciano, Elvis,672773,90,13.9,31.1,113.8,89.7,93.9,86.5,389,180,370,37,41.1,7,7.8,5.1
Davies, Zach,605200,402,12.8,35.8,113.8,87.6,93.3,83.5,473,178,398,140,35.0,28,7.0,5.3
Godley, Zack,643327,262,10.9,38.2,113.8,88.9,93.3,85.6,469,175,414,93,35.5,22,8.4,6.0
Devenski, Chris,606965,159,19.2,35.8,113.8,87.4,92.8,82.5,422,201,381,55,34.6,13,8.2,5.3
Gaviglio, Sam,543208,237,10.0,26.6,113.8,88.1,94.1,83.8,442,166,397,83,35.0,16,6.8,4.9
Barraclough, Kyle,607457,80,15.4,41.3,113.8,90.9,92.4,89.6,419,205,397,35,43.8,11,13.8,8.9
Anderson, Brett,474463,489,5.0,30.3,113.8,88.9,94.4,85.7,443,145,415,197,40.3,36,7.4,5.9
Sanchez, Anibal,434671,383,14.7,40.5,113.7,86.3,91.0,81.3,436,186,400,104,27.2,18,4.7,3.4
Wacha, Michael,608379,304,9.8,34.2,113.7,87.4,93.6,83.1,458,160,408,106,35.2,25,8.2,5.9
Law, Derek,571882,125,6.7,33.6,113.7,89.5,94.2,86.5,445,165,408,53,42.4,7,5.6,3.4
Perez, Martin,527048,416,7.8,32.7,113.7,85.0,91.7,80.3,444,149,387,123,29.6,22,5.3,3.8
Stewart, Kohl,640464,79,6.2,30.4,113.7,88.7,93.9,85.2,408,148,387,31,39.7,5,6.3,5.4
Cimber, Adam,643256,151,5.1,27.2,113.7,86.8,90.8,85.8,427,139,386,48,31.8,7,4.6,3.5
Detwiler, Ross,446321,146,6.4,31.5,113.7,89.3,95.6,85.1,432,160,403,57,39.0,16,11.0,8.6
Watson, Tony,453265,153,11.5,35.9,113.7,88.2,92.7,85.3,456,174,409,54,35.3,10,6.5,4.9
Wright, Kyle,657140,54,12.4,44.4,113.7,90.8,96.7,83.9,413,191,390,26,48.1,6,11.1,7.3
Giles, Ken,571704,80,15.7,33.8,113.7,88.7,94.2,85.5,446,181,410,29,36.3,6,7.5,3.8
Pagan, Emilio,641941,112,19.5,26.8,113.7,89.1,94.4,85.8,461,184,397,37,33.0,8,7.1,4.0
Moronta, Reyes,606625,130,17.8,29.2,113.7,87.7,92.2,86.4,451,189,427,48,36.9,8,6.2,3.5
Velasquez, Vince,592826,246,18.1,32.9,113.6,89.3,94.3,85.0,459,206,394,99,40.2,28,11.4,7.4
Carle, Shane,641438,31,5.8,35.5,113.6,90.3,95.6,86.1,415,185,400,12,38.7,5,16.1,10.2
Skaggs, Tyler,572140,227,15.5,37.0,113.6,88.1,91.9,85.8,472,185,416,75,33.2,14,6.2,4.2
Tate, Dillon,622253,17,10.3,41.2,113.6,88.1,93.3,83.5,450,174,415,7,41.2,2,11.8,7.1
Wainwright, Adam,425794,365,9.4,31.0,113.6,88.2,93.1,85.4,419,159,390,137,39.4,28,7.7,5.1
Sampson, Adrian,592716,386,15.1,33.2,113.6,90.7,93.8,89.5,453,188,403,183,47.4,40,10.4,7.7
Sparkman, Glenn,642098,362,12.8,36.7,113.6,90.9,94.0,88.5,471,188,405,156,43.1,27,7.5,5.9
Lynn, Lance,458681,452,12.8,33.2,113.5,86.9,90.9,84.3,445,174,410,142,32.5,21,4.6,3.0
Toussaint, Touki,657053,120,13.0,34.2,113.5,87.1,90.2,85.0,420,170,398,39,32.5,10,8.3,5.1
Estevez, Carlos,608032,161,13.6,36.0,113.5,90.9,92.6,89.6,464,192,413,67,41.6,17,10.6,6.8
Teheran, Julio,527054,396,14.3,30.1,113.5,88.1,91.5,85.3,451,180,410,143,36.1,28,7.1,4.7
Duffey, Tyler,608648,108,13.7,35.2,113.5,87.1,91.5,82.9,457,177,405,36,33.3,8,7.4,4.5
Wright, Mike,605541,103,14.8,37.9,113.5,91.0,93.9,88.7,438,178,388,48,46.6,8,7.8,5.4
Grace, Matt,594840,156,6.7,36.5,113.5,90.1,94.7,86.3,432,170,407,72,46.2,19,12.2,9.4
Paxton, James,572020,304,17.5,34.5,113.4,89.1,91.7,89.5,433,181,392,119,39.3,23,7.6,4.7
Strasburg, Stephen,544931,414,8.1,29.2,113.4,87.4,92.3,84.4,458,157,402,139,33.6,27,6.5,4.2
Bundy, Dylan,605164,351,14.2,31.9,113.4,88.4,93.4,84.0,452,179,397,115,32.8,24,6.8,4.6
Gustave, Jandel,594311,38,15.8,44.7,113.4,90.1,90.8,91.0,381,182,,14,36.8,2,5.3,4.4
Fry, Paul,643316,130,2.5,26.9,113.4,88.5,95.1,85.3,408,131,385,48,36.9,8,6.2,4.0
Guduan, Reymin,594056,17,20.8,35.3,113.4,97.3,99.8,95.9,442,229,413,10,58.8,5,29.4,18.5
Peralta, Wily,503449,131,11.6,29.8,113.4,89.9,92.8,87.6,436,169,403,53,40.5,14,10.7,8.0
Kluber, Corey,446372,112,13.3,34.8,113.4,86.0,93.5,78.1,414,167,388,43,38.4,10,8.9,6.0
Bieber, Shane,669456,408,11.6,33.3,113.4,90.2,94.3,87.5,431,168,386,165,42.5,33,8.1,5.1
Koch, Matt,571863,78,15.3,38.5,113.4,91.3,95.2,89.4,429,202,406,38,48.7,8,10.3,8.3
Lamet, Dinelson,659275,102,15.7,40.2,113.3,86.6,91.8,80.4,455,187,405,32,31.4,9,8.8,5.1
Garcia, Luis,472610,145,9.6,34.5,113.3,87.6,93.2,84.2,471,169,400,50,34.7,12,8.3,5.6
Lopez, Reynaldo,625643,437,17.7,35.7,113.3,89.0,93.5,85.6,505,194,406,173,39.6,35,8.0,5.6
DeSclafani, Anthony,543101,359,13.8,38.2,113.3,88.2,93.3,83.9,474,185,404,134,38.8,29,8.1,5.5
Woodruff, Brandon,605540,310,12.8,38.7,113.3,85.7,89.9,82.7,450,169,410,94,30.3,13,4.2,2.7
Green, Chad,643338,139,16.5,45.3,113.3,92.1,96.3,90.0,446,205,387,67,48.2,18,12.9,8.2
Barlow, Scott,605130,125,15.3,36.8,113.3,87.5,91.6,82.7,470,199,406,45,36.0,9,7.2,4.1
Matz, Steven,571927,352,9.9,32.1,113.3,88.5,93.6,84.8,482,165,408,142,40.7,36,10.2,7.2
Nola, Aaron,605400,409,8.9,31.1,113.3,88.5,93.6,85.3,445,159,397,160,39.1,26,6.4,4.0
Hoffman, Jeff,656546,124,14.5,37.1,113.2,88.2,95.3,77.6,474,207,422,49,39.5,15,12.1,8.0
Urias, Julio,628711,184,17.5,35.3,113.2,83.5,88.8,81.8,412,166,400,48,26.1,9,4.9,3.2
Guerra, Junior,448855,182,13.5,31.9,113.2,85.8,91.8,82.6,445,173,398,52,28.9,11,6.0,4.0
Porcello, Rick,519144,465,15.4,35.5,113.2,88.1,94.0,82.6,443,184,395,170,36.6,46,9.9,7.5
Kahnle, Tommy,592454,111,5.2,28.8,113.2,88.1,92.5,85.2,425,147,401,40,36.0,7,6.3,3.5
Price, David,456034,290,12.0,37.2,113.2,88.0,93.5,83.1,453,180,405,112,38.6,24,8.3,5.3
Giolito, Lucas,608337,343,16.9,37.6,113.2,88.2,92.4,85.0,473,182,409,118,34.4,30,8.7,5.2
Garcia, Yimi,554340,129,23.0,24.8,113.2,86.9,92.8,78.3,479,207,404,38,29.5,11,8.5,5.8
Smeltzer, Devin,656970,107,16.1,31.8,113.2,90.0,92.7,88.1,439,188,402,41,38.3,8,7.5,5.6
Harvey, Matt,518774,195,12.2,34.9,113.2,90.3,94.0,87.6,467,174,410,74,41.6,16,8.2,6.0
Loaisiga, Jonathan,642528,49,16.0,32.7,113.2,89.6,93.9,86.4,411,197,391,21,42.9,3,6.1,4.1
Jones, Nate,518858,29,11.0,24.1,113.2,91.8,91.9,91.7,411,167,381,12,41.4,1,3.4,2.1
Swarzak, Anthony,461872,122,10.3,32.0,113.1,88.5,95.9,83.0,436,169,404,57,47.1,12,9.8,6.5
Suero, Wander,593833,141,11.5,37.6,113.1,89.4,92.4,87.1,419,180,400,49,34.8,10,7.1,4.4
Bradford, Chasen,607473,54,9.0,20.4,113.1,89.0,94.4,87.4,440,136,396,20,37.0,5,9.3,7.2
McHugh, Collin,543521,190,14.1,36.8,113.1,87.8,91.8,84.5,465,182,403,56,29.5,13,6.8,4.4
Mills, Alec,621219,58,5.5,39.7,113.1,88.3,95.1,83.2,418,151,406,21,36.2,5,8.6,5.6
Pruitt, Austin,643493,84,3.0,34.5,113.1,85.8,93.3,81.6,425,146,400,28,33.3,6,7.1,5.3
Smith, Caleb,592761,278,20.4,35.6,113.1,87.9,92.9,81.3,471,211,407,102,36.7,27,9.7,6.0
Minor, Mike,501985,437,16.1,30.4,113.1,86.4,89.9,84.1,474,173,403,136,31.2,33,7.6,5.0
Duffy, Danny,518633,302,15.8,34.1,113.1,89.1,93.0,86.5,466,190,415,110,36.4,23,7.6,5.3
Gomez, Jeanmar,491646,56,7.1,35.7,113.1,90.4,93.9,90.5,424,131,420,19,33.9,3,5.4,4.1
Chafin, Andrew,605177,113,12.1,33.6,113.1,85.7,91.8,82.2,421,161,400,39,34.8,9,8.0,4.9
Urena, Jose,570632,246,7.8,32.9,113.0,90.6,95.2,87.8,418,156,382,97,39.4,19,7.7,5.9
Gearrin, Cory,518715,113,6.1,37.2,113.0,88.2,91.2,86.1,414,159,389,37,33.3,6,5.3,3.5
Andriese, Matt,542882,153,7.4,34.0,113.0,88.2,93.9,84.2,459,156,404,50,32.7,11,7.2,4.7
Tanaka, Masahiro,547888,450,11.3,32.9,113.0,88.8,93.8,85.9,455,160,408,170,37.9,30,6.7,5.0
Cishek, Steve,518553,139,10.5,30.2,113.0,84.2,89.3,81.1,445,158,409,36,25.9,9,6.5,4.3
Lucchesi, Joey,664192,378,10.2,31.2,113.0,87.8,92.5,85.0,433,163,397,138,36.5,27,7.1,4.9
Brennan, Brandon,592165,98,3.4,32.7,113.0,88.1,94.9,83.8,440,145,391,34,35.8,8,8.2,5.2
Parsons, Wes,641149,38,12.3,23.7,112.9,92.4,92.6,93.6,434,177,425,18,47.4,2,5.3,3.1
Mikolas, Miles,571945,453,9.3,34.2,112.9,87.8,92.4,85.0,429,159,395,157,36.2,29,6.4,4.9
Gonzales, Marco,594835,497,14.5,33.2,112.9,88.5,92.6,85.4,430,175,396,171,36.1,26,5.2,4.0
Bard, Luke,572703,102,19.7,35.3,112.9,87.3,89.8,87.6,425,197,400,27,27.3,8,7.8,5.8
Velazquez, Hector,584171,139,15.5,38.8,112.9,88.6,92.8,86.9,429,179,393,52,37.7,13,9.4,6.2
Bird, Kyle,613317,38,13.9,31.6,112.9,88.9,90.8,87.0,422,211,412,11,30.6,5,13.2,7.7
Junis, Jakob,596001,455,12.3,34.1,112.8,89.8,92.7,88.2,473,173,410,184,40.5,37,8.1,5.6
Steckenrider, Drew,608716,38,23.4,31.6,112.8,89.1,95.7,80.2,444,237,392,14,36.8,8,21.1,13.8
Rodney, Fernando,407845,92,9.5,34.8,112.8,87.6,90.2,85.9,450,152,419,35,39.8,9,9.8,6.4
Castillo, Luis,622491,363,5.2,27.8,112.8,85.6,91.8,81.8,442,141,409,117,32.2,22,6.1,3.6
Anderson, Shaun,641312,280,9.0,38.9,112.8,86.7,92.2,82.7,454,163,408,106,37.9,19,6.8,5.2
Adams, Austin,613534,41,9.2,19.5,112.8,92.0,94.3,91.4,371,142,361,21,53.8,1,2.4,1.0
Wingenter, Trey,622259,98,17.0,38.8,112.8,89.6,92.4,89.1,418,194,408,38,38.8,8,8.2,4.4
Valdez, Framber,664285,156,0.1,26.9,112.8,89.4,96.0,86.1,423,127,404,64,41.0,9,5.8,3.9
Thornburg, Tyler,592804,53,20.4,39.6,112.7,92.4,95.9,88.2,450,224,420,30,56.6,8,15.1,9.3
Hernandez, Felix,433587,128,10.6,29.7,112.7,91.7,95.0,90.3,411,163,385,57,44.5,10,7.8,5.7
Lopez, Yoan,661255,145,10.5,35.2,112.7,91.8,94.7,89.8,466,172,422,63,43.4,14,9.7,7.2
Dull, Ryan,623430,38,16.6,55.3,112.7,89.9,96.0,80.4,434,219,405,16,45.7,7,18.4,13.7
Kelly, Joe,523260,113,2.1,29.2,112.7,89.9,96.2,86.9,429,132,398,45,40.9,7,6.2,3.8
Lyles, Jordan,543475,295,13.8,33.6,112.7,89.2,93.6,86.1,438,184,401,122,41.4,27,9.2,6.0
Alvarez, Jose,501625,145,7.9,31.7,112.7,86.0,90.2,83.6,437,153,393,46,31.7,7,4.8,3.6
Marshall, Evan,605359,101,11.0,26.7,112.7,87.7,92.1,85.7,433,163,402,35,34.7,6,5.9,4.2
Romero, Fernando,622864,26,5.6,34.6,112.7,88.3,94.2,84.3,390,151,368,10,38.5,2,7.7,5.0
Doolittle, Sean,448281,157,23.6,35.0,112.6,89.8,93.2,86.5,456,215,411,62,39.7,13,8.3,5.6
Wisler, Matt,605538,119,15.0,31.9,112.6,87.1,92.6,83.4,423,190,401,43,36.1,5,4.2,2.8
Lauer, Eric,641778,367,11.0,30.2,112.6,88.8,94.3,85.2,436,167,395,145,39.5,23,6.3,4.6
Foltynewicz, Mike,592314,237,15.2,30.4,112.6,88.0,92.6,83.7,429,192,394,93,39.2,21,8.9,6.3
Jurado, Ariel,642558,331,8.7,34.7,112.6,89.0,94.0,85.1,447,167,403,142,43.2,34,10.3,7.7
Wittgren, Nick,621295,129,15.4,31.8,112.6,91.3,94.2,89.0,417,199,384,61,48.0,11,8.5,5.8
Gallen, Zac,668678,114,16.7,36.0,112.6,88.2,92.8,82.5,403,194,380,42,36.8,6,5.3,3.2
LeBlanc, Wade,453281,356,14.4,38.5,112.6,89.4,93.3,86.2,447,185,397,140,39.3,29,8.1,6.3
Mengden, Daniel,596043,178,18.7,31.5,112.6,88.7,92.1,87.6,417,182,395,63,35.4,11,6.2,4.5
Robertson, David,502085,21,17.4,38.1,112.6,92.9,94.7,91.4,387,204,363,10,47.6,2,9.5,6.1
Norris, Daniel,596057,388,11.2,31.4,112.6,90.6,94.2,87.7,437,177,406,167,43.0,37,9.5,7.0
Schreiber, John,670167,7,7.7,42.9,112.6,89.5,87.7,91.9,365,181,365,3,42.9,1,14.3,9.1
Ottavino, Adam,493603,119,15.3,31.9,112.6,85.1,90.4,80.4,434,176,406,34,28.6,6,5.0,2.6
Strahm, Matt,621381,290,15.0,36.9,112.6,88.2,93.8,82.2,447,195,402,119,41.0,31,10.7,7.5
Hernandez, Darwinzon,650382,41,12.9,39.0,112.5,85.8,92.9,78.8,366,176,,14,34.1,0,0.0,0.0
Martin, Corbin,656686,61,13.5,32.8,112.5,90.3,94.4,87.2,414,181,381,28,45.9,5,8.2,5.4
Kershaw, Clayton,477132,366,11.2,29.8,112.5,87.3,92.4,84.7,441,158,407,114,33.0,20,5.5,3.7
Kelly, Merrill,518876,451,12.4,33.0,112.5,89.0,93.5,84.9,443,180,407,177,39.2,42,9.3,6.9
Keller, Brad,641745,485,8.6,33.0,112.5,89.0,93.9,86.2,453,157,405,187,38.6,30,6.2,4.4
Hendricks, Kyle,543294,411,13.1,32.6,112.5,85.4,91.3,80.7,438,178,397,128,31.3,26,6.3,4.6
Alcantara, Victor,622505,132,7.6,28.0,112.5,90.5,94.8,88.9,456,153,411,56,42.7,13,9.8,7.7
Scott, Tayler,605463,53,6.4,35.8,112.5,91.8,93.5,91.1,425,165,394,20,37.7,4,7.5,5.2
Soria, Joakim,465657,152,14.2,36.2,112.4,87.3,93.7,81.9,445,179,414,52,35.4,13,8.6,5.6
Suarez, Ranger,624133,92,7.3,37.0,112.4,86.2,89.7,83.7,421,162,390,28,30.4,6,6.5,4.6
Vazquez, Felipe,553878,104,14.6,39.4,112.4,86.7,89.2,86.3,467,175,427,41,39.4,6,5.8,3.1
Smith, Burch,572143,40,19.4,37.5,112.4,89.6,90.6,89.6,424,216,400,16,40.0,3,7.5,4.6
Stammen, Craig,489334,203,5.2,32.5,112.4,86.8,90.7,83.6,425,156,391,65,32.0,11,5.4,4.1
Buchholz, Clay,453329,89,9.9,38.2,112.4,86.6,92.4,79.8,427,181,401,30,33.7,12,13.5,11.1
Ruiz, Jose,614179,108,19.0,36.1,112.4,86.6,91.3,82.4,469,187,408,32,29.6,9,8.3,5.7
Cole, Taylor,518566,118,7.1,34.7,112.4,87.2,88.8,85.6,410,158,410,47,39.8,3,2.5,1.7
Phelps, David,475479,58,19.0,31.0,112.4,89.2,93.4,87.9,420,199,394,22,37.9,5,8.6,5.5
Stock, Robert,476594,32,8.5,40.6,112.3,91.6,92.2,91.6,455,173,420,13,40.6,3,9.4,5.4
Carpenter, Ryan,543001,157,13.2,39.5,112.3,90.4,93.7,88.2,437,196,389,71,45.2,15,9.6,7.6
Walden, Marcus,519393,163,7.4,33.7,112.3,89.9,93.2,89.6,435,153,419,60,36.8,6,3.7,2.4
Yamamoto, Jordan,657141,165,18.4,30.9,112.3,90.1,93.4,89.5,445,192,390,67,40.9,11,6.7,4.2
Lucas, Josh,572998,46,12.3,30.4,112.3,88.5,90.4,89.0,418,161,394,17,37.0,3,6.5,4.3
Irvin, Cole,608344,99,18.5,42.4,112.3,85.9,91.7,78.5,437,198,401,32,32.7,9,9.1,6.6
Williams, Taylor,592865,42,-3.2,31.0,112.3,91.8,98.3,88.4,415,126,415,22,52.4,3,7.1,5.0
Rainey, Tanner,663432,63,3.3,28.6,112.2,90.4,96.5,86.8,425,164,401,33,52.4,7,11.1,5.1
Lester, Jon,452657,417,11.6,36.9,112.2,88.3,91.9,85.5,457,174,406,150,36.0,35,8.4,5.9
Brault, Steven,643230,225,9.5,33.8,112.2,88.6,92.1,86.1,441,176,401,82,36.8,12,5.3,3.6
Weber, Ryan,543901,106,7.1,28.3,112.2,87.4,92.3,84.3,426,154,391,34,32.1,4,3.8,3.0
Richards, Trevor,670950,335,16.7,34.6,112.2,87.0,92.3,82.6,423,184,394,119,35.5,24,7.2,4.8
Almonte, Yency,622075,58,17.3,37.9,112.2,88.4,93.8,82.2,413,203,413,21,36.2,4,6.9,5.3
Hellickson, Jeremy,476451,132,15.3,35.6,112.2,86.0,92.2,81.4,458,181,393,47,35.6,12,9.1,6.6
Newcomb, Sean,656794,166,13.8,30.7,112.2,86.9,90.7,84.1,442,175,413,49,29.5,7,4.2,3.0
Happ, J.A.,457918,392,13.0,32.9,112.2,89.0,93.7,86.4,447,172,397,147,37.6,32,8.2,6.0
Pineda, Michael,501381,369,15.8,36.6,112.2,89.2,93.5,84.4,454,195,390,135,38.1,27,7.3,5.3
Payano, Pedro,622797,70,10.0,38.6,112.1,86.7,90.9,82.8,412,158,394,28,40.0,5,7.1,4.9
Glasnow, Tyler,607192,119,9.9,30.3,112.1,86.8,91.6,83.7,441,154,403,36,30.3,7,5.9,3.8
Wick, Rowan,592858,43,5.8,30.2,112.1,86.3,91.1,83.3,383,143,,14,32.6,4,9.3,5.6
Eflin, Zach,621107,394,13.1,30.7,112.1,87.2,93.1,81.6,447,180,400,137,34.8,30,7.6,5.6
Yarbrough, Ryan,642232,297,13.8,36.7,112.1,84.2,88.9,81.3,427,162,401,77,25.9,19,6.4,4.7
Chacin, Jhoulys,468504,279,16.5,34.8,112.1,88.1,94.2,84.7,463,188,404,119,42.8,18,6.5,4.5
Montgomery, Mike,543557,179,7.3,40.2,112.1,90.3,94.1,86.3,486,177,411,82,45.8,13,7.3,5.3
Pena, Felix,570240,266,13.0,34.2,112.1,88.7,93.4,85.5,429,172,399,98,36.8,19,7.1,4.7
Morton, Charlie,450203,384,9.7,33.6,112.1,86.7,90.4,85.0,419,154,392,127,33.1,19,4.9,3.0
Dyson, Sam,473879,158,2.0,26.6,112.1,87.3,92.6,84.1,444,134,412,57,36.1,8,5.1,3.6
Archer, Chris,502042,321,13.1,40.5,112.1,88.0,92.7,83.0,436,188,401,126,39.3,34,10.6,6.5
Gibson, Kyle,502043,391,7.1,32.0,112.1,88.1,93.1,85.6,465,147,405,148,37.9,28,7.2,4.9
Hartlieb, Geoff,664129,85,8.6,30.6,112.1,90.9,93.4,89.3,439,158,397,37,44.0,8,9.4,6.4
Reininger, Zac,643617,81,13.1,42.0,112.0,91.0,93.9,89.2,419,182,388,33,40.7,9,11.1,9.0
Workman, Brandon,519443,111,8.5,32.4,112.0,87.7,91.3,85.7,417,156,417,35,31.5,1,0.9,0.5
Boyd, Matthew,571510,395,18.2,34.4,112.0,88.0,92.0,84.9,446,192,398,131,33.5,34,8.6,5.3
Sadzeck, Connor,592712,63,13.7,34.9,112.0,88.6,96.9,84.2,418,158,412,22,34.9,6,9.5,5.6
Maeda, Kenta,628317,338,14.4,36.7,112.0,85.3,90.3,80.5,457,175,402,98,29.0,18,5.3,3.4
Fedde, Erick,607200,236,5.7,33.5,112.0,88.0,92.6,85.0,438,152,398,96,40.7,19,8.1,6.2
Romo, Sergio,489265,137,18.7,35.0,112.0,85.3,91.0,79.7,455,199,402,32,23.4,8,5.8,4.1
Hendriks, Liam,521230,144,20.8,34.0,112.0,88.4,91.3,87.0,410,201,398,52,36.9,8,5.6,3.2
Rondon, Hector,444468,145,7.2,27.6,111.9,86.9,91.2,86.2,419,144,401,49,34.3,9,6.2,4.5
Tomlin, Josh,458708,214,17.1,33.2,111.9,87.8,92.1,82.8,421,197,396,70,32.7,15,7.0,5.7
Bauer, Trevor,545333,448,15.5,33.0,111.9,88.1,92.1,85.6,451,177,398,168,37.5,40,8.9,5.4
Herrera, Kelvin,516969,118,13.8,30.5,111.9,85.9,89.6,85.1,416,163,403,41,34.7,7,5.9,4.2
Rodriguez, Eduardo,593958,442,9.6,31.7,111.9,85.6,91.5,81.4,455,164,404,124,28.1,31,7.0,4.7
Rodon, Carlos,607074,94,14.0,36.2,111.9,89.3,91.9,88.2,418,163,396,37,39.4,7,7.4,4.4
Stratton, Chris,608717,210,10.3,34.3,111.9,88.0,92.9,84.3,441,168,396,64,33.7,12,5.7,4.1
Chen, Wei-Yin,612672,171,14.1,39.2,111.9,89.1,93.0,86.1,454,198,398,73,42.7,17,9.9,7.1
May, Trevor,543507,120,17.1,38.3,111.9,86.7,91.4,81.4,424,183,397,38,31.7,9,7.5,4.5
Brebbia, John,605154,147,23.2,34.7,111.9,87.4,91.7,82.4,413,211,382,51,35.7,7,4.8,2.9
Diehl, Phillip,670426,7,22.9,42.9,111.9,92.0,90.7,100.1,460,248,460,3,42.9,1,14.3,8.3
Phillips, Evan,623465,54,7.8,40.7,111.9,89.8,95.6,83.8,420,182,407,22,40.7,4,7.4,3.8
Farmer, Buck,571656,143,6.4,31.5,111.9,88.6,94.3,83.9,432,169,418,59,41.8,10,7.0,4.5
Magill, Matt,543483,107,13.7,40.2,111.8,89.9,94.5,86.7,474,190,409,45,42.1,10,9.3,5.7
Britton, Zack,502154,139,-9.6,15.8,111.8,87.6,96.3,85.3,457,81,442,50,36.0,8,5.8,3.8
Floro, Dylan,571670,113,8.6,27.4,111.8,84.8,89.6,82.3,413,148,407,38,34.5,6,5.3,3.8
Kintzler, Brandon,445213,125,8.4,27.2,111.8,89.0,94.3,86.1,423,144,411,52,41.6,8,6.4,4.4
Webb, Jacob,657097,90,17.3,35.6,111.8,88.0,92.2,84.8,439,186,406,30,33.3,6,6.7,4.6
Ynoa, Gabriel,593679,288,10.5,30.6,111.8,90.2,93.9,87.6,461,172,400,118,41.3,27,9.4,7.5
Burr, Ryan,621114,58,9.0,29.3,111.8,90.5,92.2,88.8,388,171,360,21,36.2,3,5.2,3.5
Borucki, Ryan,621366,28,12.0,42.9,111.8,93.8,96.0,91.9,417,206,408,15,53.6,5,17.9,12.5
Curtiss, John,595928,8,14.1,25.0,111.8,87.3,99.9,79.7,358,173,,3,37.5,1,12.5,8.3
Estrada, Marco,462136,84,31.3,28.6,111.8,86.9,92.1,90.1,440,214,405,19,29.2,9,10.7,8.5
Hudson, Daniel,543339,154,14.6,31.2,111.8,89.3,94.6,85.5,425,184,407,65,42.2,13,8.4,5.4
Gonzalez, Gio,461829,156,10.3,36.5,111.8,87.4,93.4,81.5,449,178,406,53,37.3,14,9.0,6.3
Kingham, Nick,592468,188,12.9,35.1,111.8,86.6,92.8,80.9,456,179,411,64,34.0,15,8.0,5.8
Lugo, Seth,607625,144,13.8,34.0,111.8,88.8,93.1,85.3,437,188,397,48,33.8,10,6.9,4.2
Wood, Hunter,621056,108,18.6,32.4,111.7,85.3,89.8,80.3,418,189,381,27,25.0,4,3.7,2.7
Scherzer, Max,453286,313,13.1,34.5,111.7,87.4,91.8,83.5,445,172,405,110,35.1,20,6.4,3.7
Helsley, Ryan,664854,50,15.5,36.0,111.7,86.1,89.4,81.3,432,190,430,18,36.0,2,4.0,2.6
Mahle, Tyler,641816,301,9.0,34.6,111.7,89.3,93.2,86.5,442,166,399,119,39.7,24,8.0,5.5
Vincent, Nick,543883,97,16.2,37.1,111.7,89.9,92.5,87.8,438,188,411,37,38.5,7,7.2,5.1
Crichton, Stefan,592233,56,10.6,32.1,111.7,87.0,93.9,81.8,438,168,402,22,39.3,2,3.6,2.5
Agrazal, Dario,642607,142,15.0,33.8,111.7,87.0,92.1,83.5,459,180,396,40,28.2,8,5.6,4.5
Moore, Matt,519043,23,2.6,17.4,111.7,85.6,89.8,84.7,405,116,,7,30.4,1,4.3,3.0
Peters, Dillon,596071,110,10.9,36.4,111.7,87.1,94.6,80.9,443,174,410,41,37.3,11,10.0,7.1
Tropeano, Nick,607374,48,21.4,39.6,111.7,90.1,94.1,82.9,415,226,399,19,39.6,6,12.5,9.1
Huang, Wei-Chieh,658791,24,19.7,33.3,111.6,88.5,101.5,84.1,414,192,,11,45.8,3,12.5,9.4
Barnes, Matt,598264,96,7.9,33.3,111.6,89.3,91.2,88.4,401,154,374,34,35.4,5,5.2,2.4
Garrett, Reed,657585,53,12.4,34.0,111.6,94.7,98.1,92.3,425,192,396,26,49.1,9,17.0,11.7
Fry, Jace,605240,106,4.2,30.2,111.6,89.1,93.9,86.6,422,146,416,46,43.4,5,4.7,2.6
Carrasco, Carlos,471911,184,14.2,37.5,111.6,90.9,96.6,85.7,427,190,397,87,47.3,26,14.1,9.5
Gant, John,607231,151,9.4,33.8,111.6,86.4,89.4,85.2,414,145,388,45,30.4,5,3.3,2.3
Leone, Dominic,608678,80,16.1,38.8,111.6,90.0,94.0,86.2,440,201,425,30,38.0,11,13.8,8.5
deGrom, Jacob,594798,387,12.4,33.1,111.6,86.6,92.3,82.0,456,175,404,124,33.8,20,5.2,3.2
Jennings, Dan,543359,15,5.3,26.7,111.6,88.2,96.6,83.0,398,152,398,6,40.0,1,6.7,3.1
Banuelos, Manny,544365,138,15.1,37.0,111.6,88.3,92.4,85.0,427,190,407,54,39.4,13,9.4,6.2
Bedrosian, Cam,592135,151,10.5,30.5,111.5,88.4,91.9,86.8,420,166,383,52,35.1,10,6.6,4.2
Ferguson, Caleb,657571,80,17.5,42.5,111.5,86.8,90.5,83.6,424,192,396,29,36.3,5,6.3,3.6
Pivetta, Nick,601713,270,10.7,35.9,111.5,88.7,92.4,85.6,439,174,388,94,34.8,26,9.6,6.8
Armstrong, Shawn,542888,126,19.6,40.5,111.5,87.2,93.2,80.9,448,201,412,46,36.5,14,11.1,6.9
Jimenez, Joe,641729,115,19.9,35.7,111.5,87.6,92.1,84.1,422,207,379,39,33.9,13,11.3,6.4
Avilan, Luis,501593,66,11.6,34.8,111.5,84.8,88.7,80.8,462,159,442,15,22.7,2,3.0,2.0
Snell, Blake,605483,241,13.4,30.7,111.5,87.8,91.6,84.9,436,173,389,76,31.5,12,5.0,2.9
Leclerc, Jose,600917,116,16.3,39.7,111.5,86.5,92.4,81.3,427,184,388,32,28.1,5,4.3,2.2
Musgrove, Joe,605397,415,12.4,32.0,111.5,88.9,93.0,86.9,449,173,400,163,39.3,28,6.7,4.8
Brooks, Aaron,605156,254,11.2,35.0,111.5,89.1,93.1,86.3,474,183,406,110,43.5,25,9.8,7.3
Wilson, Bryse,669060,59,15.8,28.8,111.4,89.8,92.8,87.8,404,192,398,27,45.8,5,8.5,5.9
Anderson, Chase,502624,316,19.5,31.0,111.4,86.5,90.6,84.1,457,182,405,104,33.1,20,6.3,4.3
Nunez, Eduardo,456488,4,24.3,50.0,111.4,97.4,92.8,111.4,371,251,371,2,50.0,1,25.0,25.0
Hirano, Yoshihisa,673633,131,10.5,32.8,111.4,86.7,92.4,82.4,416,164,402,37,28.2,7,5.3,3.4
Sale, Chris,519242,344,12.5,34.9,111.4,88.1,92.9,84.4,448,176,390,125,36.3,28,8.1,4.6
Gibaut, Ian,664139,10,13.1,30.0,111.4,97.8,95.1,105.3,307,169,,7,70.0,0,0.0,0.0
Montas, Frankie,593423,249,8.8,32.5,111.4,87.2,93.6,83.2,440,147,398,87,34.9,10,4.0,2.7
Ramirez, Nick,598286,184,12.2,30.4,111.4,86.3,93.0,82.3,422,168,397,54,29.5,15,8.2,5.7
Castro, Miguel,612434,172,8.4,25.6,111.4,87.6,93.5,84.5,449,148,393,62,36.0,12,7.0,4.6
Holland, Greg,518813,87,11.0,31.0,111.4,89.3,93.8,85.1,413,189,386,32,36.8,5,5.7,3.3
Mejia, Adalberto,606167,78,19.3,37.2,111.4,91.5,94.7,89.0,409,203,386,38,48.7,9,11.5,7.4
Iglesias, Raisel,628452,130,20.5,36.9,111.4,87.5,93.5,82.2,419,195,382,43,33.9,11,8.5,5.1
Clevinger, Mike,605182,157,9.7,35.7,111.4,86.7,92.7,80.9,435,166,401,54,34.4,7,4.5,2.4
Gonsolin, Tony,664062,57,9.7,29.8,111.4,86.8,92.7,82.0,375,171,365,20,35.1,1,1.8,1.4
Gray, Sonny,543243,329,8.3,30.4,111.4,87.4,91.9,84.6,425,149,409,106,33.9,21,6.4,3.9
Ramirez, Erasmo,541640,12,2.8,33.3,111.3,87.3,102.3,80.9,399,169,387,3,25.0,3,25.0,20.0
Hammer, JD,670456,56,16.8,39.3,111.3,89.5,92.8,87.7,394,186,385,19,33.9,4,7.1,4.9
Cole, A.J.,595918,80,20.1,32.5,111.3,85.7,88.9,84.0,413,213,397,18,22.5,4,5.0,3.4
Alcantara, Sandy,645261,438,12.6,29.5,111.3,86.9,92.4,82.8,444,170,398,147,33.6,29,6.6,4.7
Dowdy, Kyle,664871,74,8.9,40.5,111.3,90.0,93.0,87.4,426,170,400,30,40.5,6,8.1,5.5
Buehler, Walker,621111,374,12.2,32.9,111.3,88.9,92.7,85.8,458,180,401,136,36.4,23,6.1,4.0
Peralta, Wandy,593974,95,8.2,34.7,111.3,85.6,90.2,81.0,434,167,409,34,36.6,7,7.4,5.1
Diaz, Edwin,621242,111,15.8,39.6,111.3,90.1,91.8,89.2,415,194,383,50,45.5,10,9.0,4.8
Harris, Will,501789,128,2.5,28.9,111.3,87.7,90.6,86.3,434,136,402,40,31.7,6,4.7,3.3
Cease, Dylan,656302,135,12.2,34.1,111.3,88.9,92.7,86.4,467,178,406,53,39.3,13,9.6,6.5
Wojciechowski, Asher,592879,131,24.6,34.4,111.3,88.0,93.2,82.2,443,228,403,50,38.2,19,14.5,9.0
Fiers, Mike,571666,465,15.6,31.4,111.3,87.2,93.3,82.3,458,175,399,171,38.1,33,7.1,5.3
Bassitt, Chris,605135,340,14.8,32.9,111.3,86.8,91.9,83.8,454,174,401,105,31.5,18,5.3,3.6
Scott, Tanner,656945,44,7.1,43.2,111.2,93.0,95.2,90.5,411,180,391,20,45.5,4,9.1,4.8
Martin, Brett,656685,158,5.0,31.0,111.2,90.6,93.8,89.3,429,144,401,65,41.1,10,6.3,4.7
Chapman, Aroldis,547973,111,10.8,40.5,111.2,85.6,90.2,83.3,380,156,368,34,30.6,5,4.5,2.4
Wang, Wei-Chung,623913,82,20.7,36.6,111.2,87.3,90.8,82.4,403,209,376,22,26.8,4,4.9,3.6
Baez, Michel,673258,37,15.4,32.4,111.2,86.8,93.4,84.1,414,155,396,14,37.8,2,5.4,3.7
Quantrill, Cal,615698,226,10.6,34.5,111.2,87.8,91.3,84.6,430,169,407,77,34.1,16,7.1,5.2
Rodgers, Brady,572086,18,12.6,44.4,111.2,89.6,97.3,77.1,442,207,406,9,50.0,3,16.7,12.0
Petit, Yusmeiro,433589,180,19.4,31.1,111.2,87.1,93.0,79.8,416,191,388,60,33.9,13,7.2,5.5
Brewer, Colten,605155,148,6.0,30.4,111.2,87.9,91.6,85.8,426,151,396,44,29.7,8,5.4,3.6
Sheffield, Justus,656954,7,15.7,14.3,111.1,97.4,99.2,95.2,425,164,425,3,42.9,1,14.3,7.1
Descalso, Daniel,518614,5,26.4,40.0,111.1,89.3,103.1,68.8,354,248,354,2,40.0,1,20.0,20.0
Pounders, Brooks,572044,26,7.6,34.6,111.1,87.8,95.7,80.0,382,173,382,12,46.2,1,3.8,2.9
Holder, Jonathan,656547,122,16.1,33.6,111.1,88.2,91.7,86.8,447,188,397,41,34.2,10,8.2,5.5
Garcia, Edgar,658305,72,15.7,37.5,111.1,88.1,93.2,81.5,438,209,412,27,37.5,10,13.9,8.4
Gonzalez, Chi Chi,592346,85,5.5,31.8,111.1,89.1,95.8,83.9,438,156,405,40,47.1,5,5.9,4.3
Ynoa, Huascar,660623,12,6.9,41.7,111.1,91.1,95.4,85.1,404,171,404,6,50.0,1,8.3,6.3
Nelson, Jimmy,519076,43,11.8,44.2,111.1,85.5,88.8,81.5,446,181,410,15,34.9,2,4.7,2.7
Lockett, Walker,621141,58,9.7,36.2,111.1,88.3,92.2,83.8,392,171,376,19,32.8,4,6.9,5.2
Osich, Josh,592612,151,9.2,33.8,111.1,88.0,92.8,81.4,447,185,404,56,37.1,14,9.3,6.9
Nicasio, Juan,504379,144,7.8,36.8,111.0,88.8,92.6,85.3,444,157,409,58,40.3,13,9.0,6.2
Syndergaard, Noah,592789,438,9.2,27.9,111.0,86.3,90.0,84.3,447,151,401,130,29.8,18,4.1,2.8
Howard, Sam,607572,25,23.4,28.0,111.0,84.6,92.3,77.1,382,167,382,6,24.0,0,0.0,0.0
Olson, Tyler,621397,94,11.2,30.9,111.0,84.5,87.9,82.6,454,158,417,23,24.5,5,5.3,3.6
Mayza, Tim,641835,127,5.4,35.4,111.0,86.3,93.6,81.1,416,166,380,49,38.6,9,7.1,4.5
Chirinos, Yonny,630023,363,10.8,35.3,111.0,87.6,92.1,84.3,447,173,403,122,33.7,32,8.8,6.3
McCarthy, Kevin,641838,146,3.6,26.7,111.0,89.0,91.8,87.5,420,140,400,60,41.1,6,4.1,3.2
Keuchel, Dallas,572971,202,2.6,27.7,111.0,87.4,94.5,83.9,447,137,414,78,38.6,17,8.4,6.0
Rodriguez, Dereck,605446,238,13.3,34.5,111.0,89.5,93.1,87.7,437,171,390,87,36.7,14,5.9,4.5
Dayton, Grant,594795,23,22.7,17.4,111.0,91.3,94.1,92.3,414,167,399,9,39.1,2,8.7,5.4
Pomeranz, Drew,519141,237,14.0,37.6,111.0,88.9,92.9,84.8,449,188,396,87,36.7,22,9.3,5.7
Despaigne, Odrisamer,628333,53,17.1,47.2,110.9,89.0,90.9,90.0,430,192,420,19,35.8,3,5.7,4.4
Kittredge, Andrew,552640,82,8.9,31.7,110.9,87.8,92.2,85.0,429,162,391,30,36.6,6,7.3,4.6
Paddack, Chris,663978,313,14.3,32.3,110.9,86.8,91.9,83.1,439,177,399,100,31.9,22,7.0,4.7
Oh, Seunghwan,493200,66,12.6,34.8,110.9,89.4,90.7,88.3,442,192,403,24,36.4,8,12.1,9.1
Flynn, Brian,543169,97,9.1,39.2,110.9,88.0,92.3,84.5,399,171,397,35,36.1,5,5.2,3.6
Melancon, Mark,453343,157,2.7,28.7,110.8,89.1,91.0,88.7,419,114,402,57,36.5,3,1.9,1.3
Alexander, Scott,518397,59,-2.1,30.5,110.8,90.3,95.3,87.2,428,128,382,22,37.3,3,5.1,3.9
Hardy, Blaine,543278,140,11.2,34.3,110.8,84.8,91.8,79.9,445,162,404,41,29.3,15,10.7,8.2
Eickhoff, Jerad,595191,174,15.2,36.2,110.8,87.8,95.3,80.2,441,205,393,68,39.1,19,10.9,7.8
Volquez, Edinson,450172,25,13.9,44.0,110.8,92.6,98.1,88.7,422,184,400,15,60.0,2,8.0,5.1
McGowin, Kyle,641851,50,10.7,40.0,110.8,90.6,96.2,84.4,438,200,400,23,46.0,6,12.0,8.3
Bumgarner, Madison,518516,462,17.2,35.1,110.8,89.4,92.9,86.4,456,187,401,186,40.4,37,8.0,5.6
Grotz, Zac,665093,17,0.2,23.5,110.8,88.3,94.3,86.5,368,91,,6,35.3,0,0.0,0.0
Pressly, Ryan,519151,118,6.9,32.2,110.8,87.5,92.7,83.7,433,154,396,37,33.9,8,6.8,4.1
Winkler, Dan,595465,59,17.1,47.5,110.8,89.7,94.2,82.7,435,215,409,21,35.6,6,10.2,6.5
Castillo, Diego,650895,127,8.0,22.8,110.7,87.3,91.2,85.8,424,137,415,41,32.3,7,5.5,3.4
De Los Santos, Enyel,660853,32,12.1,37.5,110.7,86.2,92.3,83.0,449,174,396,10,31.3,3,9.4,6.5
Margevicius, Nick,676606,186,9.6,36.6,110.7,87.5,92.0,83.6,464,173,404,65,34.9,14,7.5,5.7
Buchter, Ryan,488748,97,19.3,46.4,110.7,86.4,91.2,78.7,424,214,402,29,30.9,5,5.2,3.3
Font, Wilmer,521655,176,18.1,31.3,110.7,89.9,94.8,86.5,418,191,391,65,38.0,18,10.2,6.7
Claudio, Alex,592222,156,3.6,30.8,110.7,84.2,92.9,80.0,411,131,390,46,29.5,5,3.2,2.3
Roe, Chaz,475054,98,13.3,35.7,110.7,87.2,89.6,86.1,441,170,416,32,32.7,5,5.1,2.8
Mazza, Chris,607391,30,12.6,60.0,110.7,89.9,91.7,87.6,335,187,,15,50.0,1,3.3,2.4
Barnes, Jacob,606930,71,6.9,43.7,110.7,88.9,92.6,86.2,425,168,415,26,36.6,4,5.6,3.7
Lambert, Peter,663567,230,6.8,35.2,110.7,88.8,94.0,85.0,472,166,404,94,40.9,13,5.7,4.4
Brach, Brad,542960,116,13.4,33.6,110.7,89.1,92.0,88.7,406,174,373,44,37.9,6,5.2,3.1
Canning, Griffin,656288,250,16.1,31.6,110.6,87.0,91.8,82.6,439,189,405,79,31.6,18,7.2,4.7
Lopez, Jorge,605347,266,10.6,36.1,110.6,90.5,94.3,87.1,437,176,405,107,40.2,29,10.9,7.5
Hicks, Jordan,663855,67,-2.8,23.9,110.6,86.9,92.5,84.4,389,117,380,18,28.6,3,4.5,2.7
Otero, Dan,519096,91,2.7,31.9,110.6,89.8,93.2,87.2,416,138,384,32,35.2,8,8.8,7.6
Miller, Andrew,453192,91,16.6,36.3,110.6,88.9,92.9,86.2,411,191,389,31,34.4,8,8.8,4.6
Robles, Hansel,570663,154,15.8,31.2,110.6,88.2,90.5,87.0,426,181,412,46,31.1,9,5.8,4.1
Sadler, Casey,594987,96,8.9,21.9,110.6,86.5,91.9,84.0,421,137,407,30,31.3,2,2.1,1.6
Boshers, Buddy,542953,19,7.7,15.8,110.6,88.2,91.6,89.2,364,118,,7,36.8,0,0.0,0.0
Albers, Matt,458006,139,7.7,30.2,110.6,86.2,91.8,84.0,435,149,405,44,31.7,6,4.3,2.8
Vargas, Jason,450306,352,15.4,30.1,110.5,85.8,92.3,80.7,440,176,403,116,33.0,26,7.4,5.3
Pannone, Thomas,623381,197,19.1,37.1,110.5,89.4,93.3,86.2,444,202,401,78,39.6,21,10.7,7.2
Cisnero, Jose,542585,62,17.9,35.5,110.5,87.8,91.2,86.9,454,189,398,22,35.5,3,4.8,3.1
Eshelman, Tom,664045,130,16.7,36.9,110.5,90.5,93.2,89.1,436,194,394,54,41.5,12,9.2,7.3
Wotherspoon, Matt,642226,21,13.6,52.4,110.5,86.7,88.9,83.7,385,211,380,6,28.6,2,9.5,7.7
Taylor, Josh,657031,87,13.0,36.8,110.5,86.5,92.5,81.3,398,173,388,25,28.7,6,6.9,4.2
Stumpf, Daniel,621385,86,16.2,33.7,110.5,90.4,93.4,87.8,438,198,402,40,46.5,8,9.3,6.5
Abad, Fernando,472551,8,12.3,62.5,110.5,87.6,97.4,71.2,396,229,396,3,37.5,1,12.5,11.1
Rodriguez, Richard,593144,151,17.8,23.8,110.5,89.8,95.0,88.7,435,174,394,57,38.3,12,7.9,5.6
Hembree, Heath,592390,101,26.7,42.6,110.5,89.0,91.5,87.8,440,226,411,34,33.7,9,8.9,5.4
Edwards Jr., Carl,605218,45,20.5,42.2,110.5,87.5,91.8,82.3,433,224,398,14,31.1,6,13.3,7.7
Gott, Trevor,641627,129,13.4,31.0,110.5,88.0,93.0,86.0,434,174,424,48,37.2,9,7.0,4.5
Houser, Adrian,605288,211,3.7,28.0,110.4,85.8,91.8,83.2,448,142,401,74,35.1,11,5.2,3.4
James, Josh,657624,106,16.3,31.1,110.4,89.8,91.1,90.2,439,191,382,42,40.4,5,4.7,2.3
Minaya, Juan,573668,85,20.8,32.9,110.4,89.6,93.6,87.7,453,196,401,35,42.2,4,4.7,3.2
Staumont, Josh,622251,36,14.9,41.7,110.4,93.0,95.7,91.7,431,214,391,16,44.4,5,13.9,10.0
Shaw, Bryan,543766,181,8.0,33.7,110.4,89.9,91.7,89.1,456,162,413,73,40.3,11,6.1,4.3
Shoemaker, Matt,533167,74,12.9,27.0,110.4,89.2,96.3,85.7,418,163,404,29,39.2,8,10.8,7.4
Stewart, Brock,592779,44,11.9,27.3,110.4,87.7,92.5,85.1,436,183,424,10,22.7,5,11.4,8.6
Davis, Rookie,606959,33,4.5,33.3,110.4,87.2,94.4,79.5,401,178,376,13,39.4,4,12.1,7.8
Jansen, Kenley,445276,120,17.7,35.8,110.4,84.6,90.7,78.6,435,182,413,32,27.1,9,7.5,4.6
Brigham, Jeff,656257,61,21.6,34.4,110.3,89.3,92.7,86.8,440,204,398,25,41.0,7,11.5,7.3
Trivino, Lou,642152,157,15.9,28.7,110.3,85.0,88.8,82.9,432,164,403,46,29.9,6,3.8,2.5
Fernandez, Jose Manuel,622774,15,27.9,40.0,110.3,90.0,91.9,89.5,434,243,434,5,33.3,1,6.7,4.3
Nogosek, Stephen,668665,26,12.6,46.2,110.3,89.5,95.7,81.6,420,205,403,8,30.8,3,11.5,8.8
Treinen, Blake,595014,152,12.8,31.6,110.3,86.9,92.4,83.1,474,164,412,52,34.7,12,7.9,5.2
Conley, Adam,543045,162,16.2,34.6,110.2,88.2,91.8,85.8,455,181,415,64,39.5,12,7.4,5.2
Kinley, Tyler,641755,93,14.1,34.4,110.2,87.1,90.8,85.0,400,163,382,32,34.4,3,3.2,2.0
Santana, Ervin,429722,53,19.0,34.0,110.2,89.2,95.5,84.7,423,212,408,21,39.6,11,20.8,17.2
Baez, Pedro,520980,142,19.6,28.2,110.2,86.9,91.2,83.7,402,186,381,37,26.6,3,2.1,1.4
Zimmer, Kyle,622092,26,12.6,46.2,110.2,87.4,92.3,80.9,390,188,374,13,50.0,3,11.5,7.1
Lively, Ben,594902,5,13.7,80.0,110.2,88.0,89.2,82.9,401,279,401,2,40.0,1,20.0,16.7
Allen, Cody,592102,66,25.0,39.4,110.2,94.3,96.6,92.8,448,251,408,36,54.5,10,15.2,8.6
Liriano, Francisco,434538,161,10.6,29.8,110.1,85.1,90.2,81.1,419,154,387,48,30.0,7,4.3,2.9
Barria, Jaime,642545,162,18.0,42.6,110.1,89.2,92.9,84.1,441,210,407,63,38.9,18,11.1,7.8
Feierabend, Ryan,456387,24,13.4,37.5,110.1,87.6,88.9,86.0,399,171,398,8,33.3,1,4.2,3.4
Erlin, Robbie,572362,130,11.5,37.7,110.1,88.7,93.6,86.2,424,176,411,51,39.2,10,7.7,5.3
McClain, Reggie,596035,24,5.1,37.5,110.1,90.7,92.6,88.7,368,149,357,9,37.5,1,4.2,3.1
Sobotka, Chad,656977,67,11.7,31.3,110.1,89.8,92.3,89.7,419,174,407,21,31.3,4,6.0,3.4
Anderson, Tyler,542881,72,10.2,43.1,110.1,87.6,91.7,83.1,442,193,424,26,36.1,10,13.9,9.4
Springs, Jeffrey,605488,79,20.9,44.3,110.0,88.0,89.7,86.0,404,221,385,30,38.0,4,5.1,3.3
Fulmer, Carson,608334,57,12.4,35.1,110.0,88.4,92.2,85.9,413,155,399,24,42.1,3,5.3,3.2
Alzolay, Adbert,640470,34,16.3,35.3,110.0,88.2,94.4,85.0,413,211,392,14,41.2,4,11.8,7.4
Feliz, Michael,593140,107,15.3,30.8,110.0,86.4,89.9,83.4,415,168,407,35,32.7,9,8.4,5.0
DuRapau, Montana,657566,47,14.0,44.7,110.0,90.8,92.5,89.0,407,177,400,16,34.8,3,6.4,4.2
Hader, Josh,623352,94,27.5,34.0,110.0,90.7,94.3,90.7,432,229,406,41,46.6,14,14.9,6.4
Hernandez, Elieser,622694,151,19.4,31.8,110.0,85.2,92.0,78.7,423,194,394,48,31.8,17,11.3,7.4
Munoz, Andres,662253,36,10.7,38.9,110.0,85.2,89.2,82.1,410,184,,9,25.7,3,8.3,4.8
Bleier, Richard,542947,142,2.7,30.3,110.0,88.8,94.2,86.5,427,128,400,59,41.5,5,3.5,3.0
Diaz, Yennsy,660546,3,11.7,0.0,109.9,96.8,103.8,82.9,285,230,,2,66.7,0,0.0,0.0
Sandoval, Patrick,663776,40,3.5,32.5,109.9,83.6,91.6,76.4,393,146,393,15,37.5,2,5.0,3.2
Mayers, Mike,594577,46,25.3,43.5,109.9,89.3,92.0,89.9,405,219,383,18,42.9,4,8.7,6.0
Robertson, Daniel,621002,3,-1.9,0.0,109.9,100.1,,100.1,118,64,,2,66.7,0,0.0,0.0
Barrett, Jake,545332,13,31.6,53.8,109.9,90.4,91.8,82.7,436,259,418,4,30.8,2,15.4,10.5
Bashlor, Tyler,641341,51,16.2,31.4,109.9,89.0,94.3,83.1,419,209,406,19,41.3,5,9.8,6.7
Anderson, Cody,594736,28,21.7,39.3,109.8,86.5,90.4,83.3,392,209,392,10,35.7,3,10.7,6.5
Alvarado, Jose,621237,76,4.3,34.2,109.8,86.8,94.5,80.1,412,173,405,24,31.6,4,5.3,3.0
Stephenson, Robert,596112,114,16.8,36.8,109.8,87.0,92.2,81.4,420,194,393,31,27.4,8,7.0,3.9
Perdomo, Luis,606131,155,4.8,27.7,109.8,90.3,94.2,87.4,415,151,408,71,45.8,6,3.9,2.9
Anderson, Justin,605121,104,17.6,32.7,109.8,87.2,92.7,82.8,398,186,389,32,31.7,8,7.7,4.3
Duke, Zach,435043,68,6.2,33.8,109.8,88.3,95.2,84.3,406,166,397,27,42.2,4,5.9,3.8
Bradley, Archie,605151,145,9.6,36.6,109.8,87.9,92.9,84.7,423,160,411,54,37.2,7,4.8,2.8
Escobar, Luis,650813,22,8.9,36.4,109.8,88.2,91.5,87.9,413,180,413,10,45.5,1,4.5,3.4
VerHagen, Drew,572403,99,9.9,27.3,109.8,88.9,92.7,89.2,426,140,381,36,36.4,4,4.0,2.9
Osuna, Roberto,532077,132,13.8,39.4,109.8,86.4,92.3,80.3,417,188,402,39,31.0,8,6.1,4.1
McKay, Brendan,656713,97,16.9,39.2,109.7,89.6,92.4,88.2,414,197,388,40,41.2,12,12.4,8.2
Peralta, Freddy,642547,212,18.2,37.7,109.7,89.0,94.5,83.7,462,196,398,84,39.6,22,10.4,6.4
Hart, Donnie,643354,22,-5.4,13.6,109.7,85.8,97.9,81.2,379,101,,8,36.4,2,9.1,6.9
Dunn, Mike,445197,54,16.3,31.5,109.7,86.2,93.5,78.0,459,191,415,19,35.2,5,9.3,6.7
Dominguez, Seranthony,622554,68,5.6,32.4,109.7,84.7,89.7,82.3,400,147,391,21,30.9,3,4.4,2.7
Voth, Austin,608723,59,20.4,23.7,109.7,86.7,92.4,85.3,441,163,401,16,27.6,3,5.1,3.4
Gagnon, Drew,543193,86,16.3,33.7,109.7,87.7,95.2,83.4,421,184,395,29,35.8,11,12.8,9.9
McRae, Alex,656725,53,17.2,37.7,109.7,89.1,96.1,84.2,436,190,404,19,42.2,5,9.4,6.3
Reid-Foley, Sean,656887,92,12.1,34.8,109.6,88.2,90.4,87.5,404,186,385,31,34.1,4,4.3,2.9
Musgrave, Harrison,643466,28,24.8,50.0,109.6,88.8,93.1,83.4,410,201,,11,39.3,1,3.6,2.1
Jeffress, Jeremy,502026,152,7.6,33.6,109.6,86.3,90.2,83.8,439,158,418,54,36.2,9,5.9,4.1
Rosenthal, Trevor,572096,38,9.6,34.2,109.6,85.4,91.3,82.9,364,161,,13,34.2,2,5.3,2.4
Chargois, JT,608638,53,6.0,34.0,109.6,89.1,93.3,85.9,406,177,400,19,35.8,5,9.4,5.7
Palumbo, Joe,643478,32,17.0,31.3,109.6,90.0,95.1,83.6,449,202,417,13,40.6,3,9.4,6.8
Anderson, Nick,623433,105,19.2,43.8,109.6,90.6,93.8,89.4,419,217,393,48,45.7,9,8.6,4.3
Buttrey, Ty,621142,157,15.6,37.6,109.6,90.4,91.6,91.0,446,179,414,63,40.9,8,5.1,3.2
Quijada, Jose,650671,55,18.2,38.2,109.5,88.7,95.6,85.5,410,204,382,26,47.3,8,14.5,7.3
Santiago, Hector,502327,57,24.2,38.6,109.5,88.2,92.6,88.6,423,204,407,20,36.4,7,12.3,8.5
Yates, Kirby,489446,100,9.7,34.0,109.5,86.0,91.6,81.1,433,162,433,34,34.0,5,5.0,2.6
Romano, Sal,607219,28,14.5,46.4,109.4,90.3,90.2,90.4,406,192,395,9,32.1,2,7.1,5.6
Perez, Oliver,424144,88,9.6,35.2,109.4,86.0,90.5,82.1,429,174,380,26,29.5,3,3.4,2.2
Vieira, Thyago,600986,24,12.7,41.7,109.4,87.6,90.8,82.2,390,214,,7,29.2,2,8.3,5.4
Shafer, Justin,596101,83,18.2,34.9,109.4,89.3,95.0,84.1,432,185,402,30,36.1,5,6.0,4.0
Allen, Logan,663531,95,2.7,35.8,109.4,91.6,96.6,87.2,440,154,409,49,52.1,6,6.3,4.7
Salazar, Danny,517593,12,13.2,33.3,109.4,87.5,91.3,82.3,418,214,410,5,41.7,2,16.7,11.8
Hughes, Jared,453172,151,0.0,25.8,109.4,88.6,93.6,85.9,427,133,387,50,34.2,9,6.0,4.3
Noesi, Hector,456051,45,18.1,33.3,109.4,90.2,92.8,89.5,427,202,395,17,37.8,5,11.1,7.5
Moore, Dylan,664238,8,15.8,37.5,109.4,98.0,101.7,91.9,341,167,,6,75.0,0,0.0,0.0
Ramirez, Yefry,606162,41,11.8,39.0,109.4,90.8,92.6,89.1,412,183,389,17,41.5,3,7.3,4.4
Urquidy, Jose,664353,74,9.2,33.8,109.3,85.8,93.2,79.1,423,172,402,23,31.1,8,10.8,7.8
Civale, Aaron,650644,65,18.8,32.3,109.3,86.5,89.0,86.3,373,167,,21,32.3,0,0.0,0.0
Petricka, Jake,502593,27,6.2,33.3,109.2,88.6,96.5,81.3,338,149,,9,33.3,0,0.0,0.0
Holmes, Clay,605280,102,0.3,28.4,109.2,88.1,93.7,84.8,422,137,414,40,40.4,5,4.9,2.9
Owings, Chris,572008,11,26.5,54.5,109.2,95.7,100.4,79.4,456,259,413,7,63.6,2,18.2,16.7
Davis, Austin,656354,34,17.3,44.1,109.2,89.6,90.1,89.6,409,205,399,14,41.2,3,8.8,4.8
Romano, Jordan,605447,6,13.4,16.7,109.2,88.7,89.1,88.4,417,180,410,2,33.3,2,33.3,10.5
Garcia, Jarlin,606424,109,9.5,26.6,109.2,88.2,91.8,86.7,400,153,386,35,32.1,4,3.7,2.6
Wilkerson, Aaron,658792,60,18.1,30.0,109.2,86.4,92.3,81.7,415,185,381,17,28.3,1,1.7,1.3
Smith, Josh A.,595001,71,15.4,49.3,109.2,87.8,94.5,77.9,408,208,402,28,39.4,8,11.3,7.9
Carasiti, Matt,571539,28,10.4,25.0,109.1,89.7,87.4,92.6,434,153,398,10,35.7,2,7.1,4.7
Sewald, Paul,623149,21,31.2,42.9,109.1,89.6,92.0,89.7,464,273,464,10,47.6,3,14.3,10.7
Cessa, Luis,570666,182,12.6,32.4,109.1,88.3,91.3,86.4,425,165,382,62,34.3,10,5.5,3.7
Young, Alex,622065,126,10.9,25.4,109.1,86.7,91.4,83.9,429,164,409,38,30.2,9,7.1,5.1
Rodriguez, Jefry,622446,139,8.8,32.4,109.1,90.2,94.5,87.8,429,166,393,61,43.9,10,7.2,5.3
Ponce de Leon, Daniel,594965,99,15.0,24.2,109.1,87.7,90.9,87.5,422,155,403,26,26.5,6,6.1,3.6
Verlander, Justin,434378,386,19.3,32.9,109.0,87.9,92.0,84.1,436,200,390,124,34.5,32,8.3,4.9
Shawaryn, Mike,642067,30,23.9,33.3,109.0,92.0,96.2,85.2,409,205,395,10,33.3,6,20.0,10.0
Hildenberger, Trevor,657610,51,13.0,45.1,109.0,90.6,91.8,90.8,384,183,363,21,41.2,2,3.9,2.8
Sborz, Josh,622250,14,15.4,42.9,109.0,91.5,90.1,93.3,432,187,432,3,21.4,1,7.1,5.9
Bowman, Matt,621199,71,6.6,29.6,108.9,84.4,85.9,84.4,382,138,378,20,29.0,1,1.4,1.0
Ramirez, Neil,519166,56,26.0,30.4,108.9,89.2,92.8,87.3,438,229,406,18,32.1,7,12.5,8.1
Harvey, Joe,642840,29,11.8,27.6,108.9,88.8,91.5,86.7,385,165,385,13,44.8,2,6.9,4.2
Brasier, Ryan,518489,121,17.5,40.5,108.9,87.6,92.4,81.4,434,203,398,38,31.4,12,9.9,6.9
Quinn, Roman,596451,15,13.7,46.7,108.9,93.8,94.6,94.9,318,156,,9,60.0,1,6.7,5.3
Bautista, Gerson,639373,33,14.8,39.4,108.8,90.8,92.1,89.2,396,186,376,14,42.4,3,9.1,6.1
Hearn, Taylor,621368,4,13.8,50.0,108.8,92.3,95.7,88.9,279,167,,2,50.0,1,25.0,12.5
Rosario, Randy,600968,34,0.0,29.4,108.7,92.2,95.8,89.8,416,146,396,12,35.3,3,8.8,6.1
Tarpley, Stephen,605501,59,13.1,42.4,108.7,90.1,94.8,84.8,409,174,371,27,45.8,6,10.2,6.1
Carpenter, David,502304,13,3.1,30.8,108.7,98.2,101.4,94.5,360,129,,8,61.5,1,7.7,5.3
Moore, Andrew,621058,17,26.0,29.4,108.7,95.4,96.6,99.6,427,244,380,7,41.2,1,5.9,5.0
Murphy, John Ryan,571974,19,30.5,57.9,108.7,88.5,94.5,72.8,415,239,402,8,42.1,4,21.1,18.2
Crick, Kyle,605195,110,12.3,23.6,108.7,84.7,91.5,79.5,433,162,394,29,26.4,5,4.5,2.5
Wieck, Brad,623364,69,17.3,40.6,108.6,91.0,93.1,91.3,423,205,392,31,44.9,6,8.7,5.5
Kennedy, Ian,453178,134,12.4,29.1,108.6,87.8,92.8,85.3,423,161,399,46,34.6,8,6.0,3.9
Wilson, Justin,458677,69,3.9,30.4,108.6,84.8,89.6,82.8,380,134,374,19,27.5,2,2.9,1.9
Clippard, Tyler,461325,122,22.3,25.4,108.6,84.8,90.9,79.0,411,186,390,35,29.2,7,5.7,3.8
Heaney, Andrew,571760,153,19.2,30.7,108.6,89.2,91.8,87.7,438,205,401,60,39.2,15,9.8,6.2
Ross, Joe,605452,134,8.6,36.6,108.6,86.8,93.1,81.2,435,171,407,50,37.3,12,9.0,6.1
Romine, Austin,519222,7,24.1,71.4,108.5,98.0,96.2,108.5,404,268,398,6,85.7,1,14.3,14.3
Rogers, Josh,642028,54,22.2,37.0,108.5,92.6,94.9,90.0,422,244,384,27,50.0,8,14.8,11.6
Ellis, Chris,595939,4,22.2,25.0,108.5,88.5,90.7,92.5,143,108,,1,25.0,0,0.0,0.0
Neris, Hector,593576,118,11.4,32.2,108.5,87.0,93.4,83.8,420,165,388,39,33.1,9,7.6,4.2
Bummer, Aaron,607481,128,-3.8,19.5,108.5,87.8,92.1,86.7,410,104,402,44,34.4,2,1.6,1.1
Keller, Kyle,664918,5,5.6,20.0,108.5,97.2,106.0,91.3,446,215,446,3,60.0,1,20.0,14.3
Valdez, Phillips,570488,36,0.0,27.8,108.5,89.1,92.0,87.0,394,137,362,12,33.3,1,2.8,1.8
Wright, Steven,453214,23,12.8,43.5,108.4,90.6,95.8,85.6,433,233,414,8,34.8,2,8.7,6.1
Gsellman, Robert,607229,188,11.8,29.8,108.4,85.3,89.8,81.9,424,153,391,58,31.2,7,3.7,2.5
Lail, Brady,621078,7,2.6,28.6,108.4,84.2,87.0,84.8,384,138,384,3,42.9,1,14.3,10.0
Brice, Austin,592169,117,13.4,34.2,108.4,88.0,91.8,86.6,412,166,384,42,35.9,6,5.1,3.3
Rosscup, Zac,573127,49,2.9,24.5,108.4,85.4,89.6,82.6,392,137,389,15,32.6,3,6.1,3.2
Adams, Austin,542866,53,16.0,32.1,108.3,91.7,97.1,87.7,441,198,402,25,47.2,5,9.4,6.3
Araujo, Pedro,606478,3,-1.0,33.3,108.3,100.7,106.8,88.6,426,185,426,2,66.7,1,33.3,25.0
Kline, Branden,571858,102,12.7,43.1,108.3,91.1,95.5,88.8,444,195,402,55,53.9,12,11.8,8.2
Hale, David,571735,124,9.1,29.8,108.3,86.2,90.3,83.6,418,146,409,33,26.6,3,2.4,2.0
Garton, Ryan,623439,12,19.3,41.7,108.3,91.8,98.1,79.2,449,259,423,7,58.3,2,16.7,14.3
Menez, Conner,669214,32,24.5,37.5,108.2,85.0,87.6,80.2,428,222,405,8,25.0,5,15.6,9.3
Diekman, Jake,518617,114,8.9,36.0,108.2,87.9,93.4,85.5,423,151,417,39,34.5,6,5.3,2.7
Oswalt, Corey,621261,23,13.6,34.8,108.2,86.5,90.3,80.6,418,167,418,6,26.1,2,8.7,5.9
Ford, Mike,645801,11,24.9,18.2,108.2,91.4,96.1,92.5,397,236,378,4,36.4,1,9.1,8.3
Ramirez, JC,500724,28,3.1,35.7,108.1,90.1,97.8,82.4,433,155,433,13,46.4,1,3.6,2.9
Blach, Ty,621389,58,15.9,41.4,108.1,88.7,91.5,87.0,426,197,396,21,36.8,3,5.2,3.7
Hill, Tim,657612,60,-1.0,25.0,108.1,86.9,94.8,85.0,425,121,407,20,33.3,2,3.3,2.2
Tuivailala, Sam,592815,27,17.2,11.1,108.1,87.9,89.6,89.1,364,139,,10,37.0,0,0.0,0.0
Neshek, Pat,450212,68,14.4,30.9,108.1,87.1,92.1,81.5,410,177,399,23,33.8,6,8.8,7.7
Lakins, Travis,664042,40,5.8,30.0,108.1,88.9,93.1,85.8,393,155,,17,42.5,3,7.5,5.2
Diaz, Jairo,545064,111,10.3,32.4,108.1,90.5,92.6,89.8,431,170,412,48,43.2,9,8.1,5.3
Hunter, Tommy,488984,13,18.2,23.1,108.1,81.6,75.4,95.4,305,161,,2,15.4,0,0.0,0.0
Cordero, Jimmy,622772,39,5.9,30.8,108.0,84.8,94.2,79.6,424,140,398,11,28.2,2,5.1,3.2
Flexen, Chris,623167,44,18.1,36.4,108.0,89.4,92.2,86.6,382,189,375,20,45.5,2,4.5,3.0
Alaniz, R.J.,595798,18,17.9,44.4,108.0,93.4,90.5,99.5,433,197,410,11,61.1,3,16.7,10.7
Garrett, Amir,607237,100,4.3,28.0,108.0,86.8,91.0,83.9,408,149,382,31,31.6,5,5.0,2.6
Blazek, Michael,518468,21,28.4,33.3,108.0,91.0,95.8,83.3,441,239,441,7,33.3,2,9.5,7.7
Lorenzen, Michael,547179,178,9.4,31.5,108.0,85.2,90.1,81.8,426,160,377,55,32.0,6,3.4,2.2
Federowicz, Tim,543148,6,32.6,50.0,107.9,90.5,97.5,91.7,341,206,,1,20.0,2,33.3,33.3
Bass, Anthony,542914,96,4.1,22.9,107.9,88.1,93.7,85.2,432,133,399,34,35.8,6,6.3,4.4
Kelley, Shawn,518875,116,17.0,42.2,107.9,87.9,92.2,81.8,453,212,407,38,32.8,13,11.2,8.3
Neverauskas, Dovydas,596720,34,11.9,44.1,107.9,92.7,95.4,89.9,417,220,416,17,50.0,4,11.8,7.5
Johnson, DJ,597113,39,11.3,41.0,107.9,90.4,95.0,85.7,426,163,,15,38.5,3,7.7,4.8
Mathis, Jeff,425772,8,19.7,25.0,107.8,90.8,98.0,75.8,404,186,404,4,50.0,2,25.0,22.2
Fernandez, Junior,658551,8,8.6,75.0,107.8,93.9,93.0,96.8,327,188,,4,50.0,0,0.0,0.0
Markel, Parker,571917,28,19.2,42.9,107.8,86.9,93.3,77.9,402,211,395,6,21.4,3,10.7,7.1
Poche, Colin,621363,76,29.1,32.9,107.8,89.1,92.9,84.6,416,242,394,29,38.7,7,9.2,5.0
Blevins, Jerry,460283,68,18.6,45.6,107.8,87.6,91.7,81.4,401,212,396,27,39.7,7,10.3,6.1
Coonrod, Sam,656322,41,7.6,17.1,107.7,86.9,94.5,85.6,430,116,430,13,31.7,3,7.3,5.0
Stashak, Cody,664054,28,17.9,46.4,107.7,89.2,96.2,81.8,406,217,406,12,42.9,5,17.9,13.5
May, Dustin,669160,59,9.7,37.3,107.7,86.8,90.7,85.3,418,167,404,25,42.4,5,8.5,6.3
Montero, Rafael,606160,31,15.4,32.3,107.6,83.3,88.8,78.4,392,175,373,7,22.6,2,6.5,4.0
Black, Ray,605143,13,23.6,30.8,107.6,92.1,92.0,98.0,430,232,394,5,38.5,1,7.7,5.0
Culberson, Charlie,518586,7,28.2,57.1,107.5,92.6,95.9,88.6,384,264,,3,42.9,1,14.3,10.0
Peterson, Tim,623402,24,25.6,37.5,107.5,88.1,89.7,89.0,422,170,422,6,25.0,1,4.2,2.9
Smith, Joe,501925,34,2.2,20.6,107.5,94.8,94.2,95.2,399,147,392,21,61.8,3,8.8,6.5
Clase, Emmanuel,661403,23,0.3,17.4,107.5,88.1,91.2,86.4,388,103,388,10,43.5,0,0.0,0.0
Gregerson, Luke,502381,24,6.2,37.5,107.5,90.3,92.6,90.4,349,157,,8,33.3,0,0.0,0.0
Maton, Phil,664208,98,10.6,37.8,107.4,85.8,90.3,81.9,400,164,379,27,27.6,6,6.1,4.7
Murphy, Tom,608596,8,22.6,25.0,107.4,95.6,96.2,93.8,386,237,,4,50.0,1,12.5,9.1
Maples, Dillon,596027,19,-0.5,26.3,107.4,85.4,86.3,85.1,452,125,434,7,36.8,2,10.5,4.4
Walsh, Jared,665120,11,-7.4,18.2,107.4,88.2,89.2,88.0,344,90,,3,27.3,0,0.0,0.0
Smith, Will,519293,119,12.6,32.8,107.3,88.4,91.1,86.8,467,166,404,47,39.5,7,5.9,3.3
Collins, Tim,525768,31,14.3,51.6,107.3,86.3,90.6,79.4,386,195,359,7,22.6,2,6.5,5.3
Morgan, Adam,605388,78,14.7,34.6,107.3,88.0,93.1,85.2,399,186,378,25,32.1,3,3.8,2.5
Reyes, Gerardo,622103,42,11.5,31.0,107.3,87.0,89.6,85.2,433,187,406,12,29.3,3,7.1,3.9
Wendelken, J.B.,605525,70,21.1,27.1,107.3,85.8,91.6,78.6,413,186,399,21,31.8,2,2.9,1.9
Jerez, Williams,605301,19,9.7,31.6,107.2,90.1,97.6,85.2,427,158,427,10,52.6,3,15.8,10.3
Tinoco, Jesus,622786,59,8.4,30.5,107.2,89.8,97.7,83.7,443,190,414,25,42.4,5,8.5,5.7
Festa, Matt,670036,65,15.4,32.3,107.2,87.2,92.5,83.8,415,177,409,23,39.0,7,10.8,6.9
Boxberger, Brad,502202,77,14.6,35.1,107.2,85.3,88.6,81.8,404,179,382,26,33.8,6,7.8,4.9
Torres, Carlos,448614,19,11.8,47.4,107.2,87.8,90.8,86.5,391,179,391,4,21.1,2,10.5,6.9
Webster, Allen,543903,37,1.0,32.4,107.2,89.5,98.1,85.9,403,167,385,16,43.2,4,10.8,7.7
Bergen, Travis,664157,57,15.5,35.1,107.1,90.9,94.7,87.4,406,195,375,26,45.6,7,12.3,8.2
Allard, Kolby,663465,26,14.2,23.1,107.1,90.1,92.4,89.4,359,155,,10,38.5,0,0.0,0.0
Goody, Nick,580792,71,25.0,26.8,107.1,85.6,91.0,82.6,398,183,395,19,26.8,0,0.0,0.0
Duplantier, Jon,641541,75,13.6,30.7,107.1,89.8,94.1,86.9,412,176,384,31,41.3,7,9.3,5.9
De Jong, Chase,608328,6,32.4,16.7,107.1,88.7,91.1,95.1,397,180,397,2,33.3,1,16.7,11.1
Faria, Jake,607188,41,12.7,48.8,107.1,87.1,92.7,82.4,396,180,388,17,41.5,4,9.8,6.5
Thorpe, Lewis,626929,33,16.5,54.5,107.0,87.0,90.8,80.6,403,204,403,10,30.3,3,9.1,6.7
Rusin, Chris,543734,8,18.0,75.0,107.0,88.8,89.6,82.9,436,278,436,4,50.0,2,25.0,22.2
Vizcaino, Arodys,527055,8,21.5,50.0,107.0,88.2,99.2,90.3,439,250,439,4,50.0,1,12.5,5.9
Edwards, Jon,457754,23,11.9,39.1,106.9,87.0,88.9,88.3,408,172,405,9,39.1,4,17.4,11.1
Sims, Lucas,608371,52,24.8,40.4,106.9,86.5,91.7,80.5,421,202,404,15,28.8,4,7.7,4.0
Rios, Yacksel,605441,13,10.6,46.2,106.9,83.3,89.2,74.3,399,213,390,5,38.5,2,15.4,10.5
Kela, Keone,605309,47,23.1,34.0,106.9,88.7,94.6,82.5,425,208,397,14,29.8,5,10.6,6.8
Caratini, Victor,605170,8,11.6,37.5,106.8,89.5,88.7,90.7,369,213,369,3,37.5,1,12.5,11.1
Bourque, James,630263,4,-3.6,25.0,106.8,102.1,106.8,100.5,395,108,,4,100.0,1,25.0,16.7
Sneed, Cy,605482,38,2.8,34.2,106.8,88.4,94.1,84.0,455,148,427,14,36.8,2,5.3,3.7
Walker, Jeremy,668683,20,11.9,35.0,106.8,90.4,90.4,91.5,374,160,,7,35.0,0,0.0,0.0
Newberry, Jake,623470,80,17.4,35.0,106.8,91.1,93.4,89.5,434,208,389,33,41.8,7,8.8,6.1
Underwood Jr., Duane,621249,6,8.0,50.0,106.7,91.3,100.6,72.5,322,244,,4,66.7,0,0.0,0.0
White, Tyler,643603,15,26.9,40.0,106.7,92.7,93.9,91.7,421,284,386,7,46.7,1,6.7,4.5
Jewell, Jake,657228,46,0.2,21.7,106.7,88.1,97.6,84.3,430,128,404,19,41.3,6,13.0,9.1
Morejon, Adrian,670970,30,11.6,43.3,106.7,90.5,94.4,87.1,397,191,397,15,50.0,3,10.0,7.1
Ortiz, Luis,656814,10,17.1,50.0,106.6,93.4,96.7,91.4,443,266,424,4,44.4,2,20.0,11.1
Keller, Mitch,656605,70,13.6,44.3,106.6,88.6,93.1,83.6,397,173,,17,38.6,5,7.1,4.8
Dobnak, Randy,677976,14,6.6,28.6,106.6,91.2,88.4,96.5,322,118,,8,57.1,0,0.0,0.0
Martinez, Carlos,593372,92,6.2,22.8,106.5,85.4,88.3,83.9,419,125,388,30,33.0,5,5.4,3.6
Perez, Hernan,541650,8,26.9,12.5,106.5,91.4,94.9,94.0,411,169,411,4,50.0,1,12.5,9.1
Shepherd, Chandler,605469,14,13.1,57.1,106.4,94.8,96.8,89.8,365,211,,6,42.9,1,7.1,5.3
Poyner, Bobby,596074,17,19.4,41.2,106.4,91.0,94.2,86.2,380,218,,9,52.9,3,17.6,13.0
Rumbelow, Nick,592705,6,17.3,83.3,106.3,97.9,98.5,94.7,397,265,397,2,50.0,2,33.3,22.2
Cabrera, Genesis,650893,41,15.5,39.0,106.3,85.2,91.1,75.4,425,196,416,12,29.3,4,9.8,6.8
Hill, Rich,448179,142,9.0,28.9,106.2,84.2,91.7,79.1,425,156,388,38,26.8,7,4.9,3.2
Ramos, Edubray,591693,48,21.1,37.5,106.2,84.5,90.1,76.9,410,227,405,11,22.9,5,10.4,7.9
Osuna, Jose,591741,7,-6.2,42.9,106.1,91.1,98.9,85.4,420,161,420,2,28.6,1,14.3,14.3
Salas, Fernando,477569,12,12.8,33.3,106.1,94.4,95.3,96.2,365,153,365,7,58.3,1,8.3,6.7
Rodriguez, Jose,642578,16,13.4,50.0,106.1,85.5,88.2,85.7,400,194,389,4,25.0,3,18.8,14.3
Gilmartin, Sean,543219,13,23.4,15.4,106.0,85.4,89.3,78.9,418,251,412,2,15.4,2,15.4,12.5
Lovelady, Richard,663992,62,6.7,32.3,105.9,86.5,91.7,83.4,382,149,366,21,33.9,0,0.0,0.0
St. John, Locke,657766,19,20.0,26.3,105.9,89.0,92.6,88.5,386,165,,9,47.4,0,0.0,0.0
Dixon, Brandon,641525,6,21.2,16.7,105.9,89.8,93.7,87.3,419,198,419,1,16.7,1,16.7,11.1
Dugger, Robert,667498,16,21.2,37.5,105.9,95.7,97.1,97.4,388,225,388,11,68.8,1,6.3,4.0
Martin, Russell,431145,8,19.7,12.5,105.7,91.3,99.3,90.9,383,135,,3,37.5,0,0.0,0.0
Jackson, Jay,543351,32,12.5,46.9,105.7,87.4,92.3,79.7,411,194,402,11,34.4,4,12.5,6.5
Altavilla, Dan,656186,16,0.0,18.8,105.6,83.0,90.1,78.8,380,145,,3,21.4,1,6.3,3.4
Burdi, Nick,595897,20,21.6,40.0,105.5,88.1,92.5,78.3,379,226,365,8,40.0,1,5.0,2.6
Shreve, Chasen,592741,6,26.6,50.0,105.5,85.2,89.2,,388,233,,1,16.7,1,16.7,10.0
Diaz, Miguel,622766,22,14.3,50.0,105.5,88.4,89.6,87.5,382,177,,7,31.8,1,4.5,3.4
Joseph, Caleb,543376,4,4.3,0.0,105.5,94.3,94.8,94.2,296,124,,1,33.3,0,0.0,0.0
Eades, Ryan,592280,9,13.0,44.4,105.4,94.8,99.4,89.7,398,170,,7,77.8,1,11.1,6.3
Reed, Cody,642003,17,-1.7,11.8,105.2,89.0,90.1,88.6,326,66,,4,44.4,0,0.0,0.0
Freeman, Sam,518693,9,6.3,44.4,105.2,90.3,94.5,84.9,371,187,371,4,44.4,1,11.1,9.1
Karns, Nate,501992,16,-8.0,12.5,105.2,85.2,83.4,85.8,314,80,,7,43.8,0,0.0,0.0
Guerrieri, Taylor,605260,43,-0.4,25.6,105.2,87.4,93.9,84.4,400,135,382,14,32.6,2,4.7,2.8
Rhame, Jacob,642008,16,19.2,25.0,105.2,87.2,92.9,79.2,396,212,342,5,31.3,2,12.5,6.7
Wilson, Alex,543935,35,7.7,42.9,105.0,88.8,95.3,80.7,415,182,408,15,42.9,4,11.4,7.0
Adrianza, Ehire,501303,7,15.3,71.4,105.0,94.8,96.4,90.8,379,247,,3,42.9,1,14.3,12.5
Frare, Caleb,621350,7,14.0,71.4,105.0,91.0,92.2,88.1,434,285,434,2,28.6,2,28.6,14.3
Selman, Sam,572125,11,24.2,63.6,104.9,83.7,91.7,66.4,422,270,401,3,27.3,2,18.2,11.8
Anderson, Drew,623454,18,12.7,38.9,104.9,90.4,88.4,93.9,359,167,357,7,38.9,1,5.6,3.3
Smith, Josh D.,605479,21,20.1,23.8,104.9,87.0,89.2,83.7,384,181,,8,38.1,2,9.5,4.7
Shuck, JB,543776,4,-4.7,25.0,104.8,85.0,94.5,75.4,382,170,,1,25.0,1,25.0,20.0
Plawecki, Kevin,608700,6,9.3,33.3,104.8,90.8,84.5,97.0,291,97,,2,33.3,0,0.0,0.0
Schlitter, Brian,489295,31,2.7,22.6,104.8,87.4,95.1,85.3,377,106,,9,29.0,0,0.0,0.0
Lyons, Tyler,544928,12,13.9,58.3,104.8,85.5,90.3,76.0,388,241,374,5,41.7,1,8.3,5.0
Poppen, Sean,664092,22,5.3,54.5,104.7,90.6,92.7,88.0,360,157,,11,50.0,2,9.1,5.6
McKay, David,641853,27,14.1,44.4,104.5,90.3,92.1,87.9,425,186,425,10,37.0,2,7.4,4.3
Ginkel, Kevin,656464,15,15.4,40.0,104.5,88.9,91.3,87.1,407,176,407,6,40.0,1,6.7,3.4
Rosa, Adonis,650738,5,13.2,20.0,104.5,92.7,97.3,85.8,419,206,419,1,20.0,1,20.0,14.3
Avila, Alex,488671,6,2.4,16.7,104.4,82.2,97.5,66.9,365,187,,2,33.3,0,0.0,0.0
Herget, Jimmy,623474,15,24.6,40.0,104.3,86.8,87.5,86.3,383,199,367,5,33.3,2,13.3,12.5
Schultz, Jaime,621289,16,24.2,37.5,104.2,91.6,88.8,99.9,402,218,402,7,43.8,1,6.3,4.5
Scott, Robby,582494,10,13.6,20.0,104.1,75.9,94.5,55.2,348,192,,2,20.0,0,0.0,0.0
Davis, Chris,448801,4,12.9,75.0,104.1,99.3,103.4,86.7,435,284,435,3,75.0,1,25.0,20.0
Cedeno, Xavier,458584,9,15.8,44.4,104.1,85.8,94.3,75.2,356,197,,3,33.3,0,0.0,0.0
Sherfy, Jimmie,642073,29,15.1,34.5,104.0,83.5,89.7,77.8,398,192,,8,27.6,0,0.0,0.0
Stassi, Max,545358,1,-4.6,0.0,103.8,103.8,,103.8,31,31,,1,100.0,0,0.0,0.0
Santana, Dennis,642701,15,6.5,60.0,103.8,86.4,93.4,78.5,399,188,399,4,26.7,0,0.0,0.0
Arano, Victor,644364,7,15.6,57.1,103.8,92.9,91.3,96.8,416,248,416,2,28.6,1,14.3,6.3
Blackburn, Paul,621112,10,7.2,60.0,103.7,85.8,94.4,72.8,404,214,404,5,50.0,1,10.0,5.6
Guerra, Deolis,500610,6,22.5,33.3,103.6,86.2,86.2,,380,231,380,1,16.7,0,0.0,0.0
Mantiply, Joe,573009,10,-5.6,20.0,103.5,90.3,98.0,85.1,405,155,405,3,30.0,1,10.0,7.1
Dozier, Brian,572821,5,38.8,20.0,103.2,88.2,93.5,80.3,415,243,415,2,40.0,1,20.0,20.0
Venditte, Pat,519381,12,19.4,25.0,103.2,81.7,93.8,74.2,404,189,404,1,8.3,1,8.3,5.3
Barnette, Tony,501817,5,36.5,20.0,103.1,91.4,89.3,99.9,375,253,375,3,60.0,1,20.0,20.0
Kinsler, Ian,435079,3,10.4,66.7,103.0,87.5,79.7,103.0,177,133,,1,33.3,0,0.0,0.0
Williams, Devin,642207,13,4.6,15.4,102.9,82.4,84.1,84.0,383,92,,3,23.1,1,7.7,5.6
Wilkerson, Stevie,592859,21,21.5,42.9,102.8,89.4,91.6,84.6,400,239,400,3,25.0,1,4.8,4.5
Webb, Logan,657277,13,9.2,23.1,102.8,89.0,92.5,87.7,357,140,,3,23.1,0,0.0,0.0
Zamora, Daniel,623354,21,17.6,33.3,102.8,85.9,88.6,80.6,380,177,,6,35.3,2,9.5,6.3
Guilbeau, Taylor,607555,5,-0.9,20.0,102.0,91.3,102.0,88.6,409,103,409,2,40.0,1,20.0,20.0
Rodriguez, Sean,446481,2,26.5,0.0,102.0,99.5,97.1,102.0,267,152,,2,100.0,0,0.0,0.0
Hall, Matt,664180,17,15.3,35.3,101.9,83.3,94.4,81.7,376,199,373,5,29.4,1,5.9,3.2
Altherr, Aaron,571437,3,9.9,33.3,101.7,95.5,101.7,92.4,330,183,,2,66.7,0,0.0,0.0
Williams, Austen,657117,5,9.8,60.0,101.6,94.7,98.6,89.0,408,207,399,2,40.0,2,40.0,28.6
Adam, Jason,592094,19,30.7,26.3,101.6,89.2,91.4,88.7,395,263,395,6,31.6,2,10.5,7.1
Loup, Aaron,571901,7,-2.1,28.6,101.5,83.9,97.0,74.0,290,105,,3,42.9,0,0.0,0.0
Alberto, Hanser,593643,4,21.4,50.0,101.3,92.9,96.3,82.9,391,345,391,2,50.0,2,50.0,28.6
Reyes, Alex,621052,10,21.3,40.0,101.1,90.2,91.3,87.7,372,212,372,5,50.0,0,0.0,0.0
Brosseau, Michael,670712,6,19.6,50.0,100.8,86.3,85.0,92.8,352,184,,1,16.7,0,0.0,0.0
Harvey, Hunter,640451,1,-25.3,0.0,100.3,100.3,,100.3,4,4,,1,100.0,0,0.0,0.0
Norwood, James,656803,2,34.4,0.0,99.9,98.2,98.2,,371,353,,2,100.0,0,0.0,0.0
Freeman, Mike,502273,8,9.6,25.0,99.9,84.1,91.9,76.3,389,176,389,2,25.0,0,0.0,0.0
Kuhnel, Joel,669270,9,12.6,44.4,99.7,93.3,92.5,94.2,392,189,392,4,44.4,1,11.1,8.3
Kelley, Trevor,665001,4,27.0,75.0,98.6,96.0,96.0,,377,304,,3,75.0,0,0.0,0.0
Reynolds, Mark,448602,5,16.5,0.0,98.4,94.1,92.9,94.9,289,124,,3,60.0,0,0.0,0.0
France, Ty,664034,4,23.1,0.0,96.6,90.0,90.7,91.9,232,143,,1,25.0,0,0.0,0.0
Peraza, Jose,606299,4,29.2,0.0,95.9,87.9,95.9,87.9,357,187,,1,25.0,0,0.0,0.0
Baez, Sandy,622783,5,14.9,20.0,95.1,79.2,91.1,74.5,332,158,,1,20.0,0,0.0,0.0
Ramsey, Matt,543677,2,47.8,0.0,95.0,88.5,88.5,,270,254,,0,0.0,0,0.0,0.0
De Leon, Jose,592254,4,12.2,75.0,95.0,82.1,82.4,81.4,340,174,,0,0.0,0,0.0,0.0
O'Rourke, Ryan,594951,2,59.2,0.0,94.5,83.9,73.4,,218,159,,0,0.0,0,0.0,0.0
Sucre, Jesus,491696,3,6.7,0.0,93.9,88.7,93.9,86.2,245,88,,0,0.0,0,0.0,0.0
Morales, Kendrys,434778,4,29.0,25.0,93.7,89.9,89.9,93.7,311,180,,0,0.0,0,0.0,0.0
Rondon, Jose,602922,5,16.9,20.0,93.2,88.6,91.2,90.3,152,152,,0,0.0,0,0.0,0.0
Reed, AJ,607223,3,26.4,0.0,93.2,84.3,86.1,80.7,332,204,,0,0.0,0,0.0,0.0
Maile, Luke,571912,4,21.5,25.0,93.1,86.1,93.1,88.3,290,93,,0,0.0,0,0.0,0.0
Farmer, Kyle,571657,5,6.1,40.0,91.1,87.3,90.2,82.9,,,,0,,0,0.0,0.0
Davis, Taylor,543089,6,-1.8,33.3,90.4,84.7,89.8,79.5,291,147,,0,0.0,0,0.0,0.0
Parra, Gerardo,467827,1,8.6,100.0,88.4,88.4,,88.4,113,113,,0,0.0,0,0.0,0.0
Sandoval, Pablo,467055,2,12.8,50.0,88.4,87.5,88.4,86.5,335,183,,0,0.0,0,0.0,0.0
Avila, Pedro,658648,15,13.0,53.3,88.0,79.1,80.4,77.3,341,158,,0,0.0,0,0.0,0.0
Martini, Nick,605361,2,35.4,50.0,84.6,65.8,84.6,,320,225,,0,0.0,0,0.0,0.0
Holaday, Bryan,592407,1,-4.9,0.0,84.4,84.4,,84.4,23,23,,0,0.0,0,0.0,0.0
Stallings, Jacob,607732,3,37.1,0.0,84.2,82.5,83.3,84.2,262,143,,0,0.0,0,0.0,0.0
Abreu, Bryan,650556,3,-23.6,0.0,82.9,76.9,,76.9,22,12,,0,0.0,0,0.0,0.0